id_pelanggan,kota,metode_bayar,jenis_kelamin,pernah_komplain,berlangganan_premium,kepuasan,tingkat_membership,usia,jumlah_transaksi,jumlah_produk_dilihat,total_belanja,lama_langganan_bulan,rata_rata_rating,tahun_bergabung,tanggal_transaksi_terakhir,ulasan
CUST-0052,Jakarta,E-Wallet,L,Tidak,Ya,Sangat Tinggi,Silver,35,16,37,4706000.0,33.2,4.5,2022,2025-01-14,kualitas produk bagus penjual ramah
CUST-1466,Bandung,E-Wallet,L,Tidak,Tidak,Sedang,Bronze,50,1,17,86000.0,1.2,3.6,2024,2024-10-09,cukup baik walau kemasan kurang rapi
CUST-0185,Medan,Transfer Bank,L,Tidak,Tidak,Tinggi,Bronze,17,1,6,104000.0,12.7,4.0,2023,2024-10-05,penjual responsif pelayanan memuaskan
CUST-1001,Jakarta,Transfer Bank,P,Tidak,Tidak,,Silver,34,27,29,4692000.0,44.8,5.0,2021,2025-05-22,barang sesuai deskripsi pengiriman cepat
CUST-0747,Jakarta,Transfer Bank,L,Tidak,Tidak,Sedang,Bronze,34,15,35,1850000.0,37.0,4.3,2021,2024-06-14,barang sesuai tapi pengiriman agak lama
CUST-1033,Surabaya,Kartu Kredit,P,Tidak,Tidak,Sangat Tinggi,Bronze,31,9,34,930000.0,13.4,4.4,2023,2024-09-27,sangat puas belanja lagi di sini
CUST-0926,Jakarta,Kartu Kredit,P,Tidak,Tidak,Sedang,Bronze,32,1,4,370000.0,11.0,,2024,2024-11-05,barang sesuai tapi pengiriman agak lama
CUST-0395,Jakarta,E-Wallet,P,Tidak,Tidak,Sangat Tinggi,Bronze,34,15,12,1603000.0,36.5,4.7,2021,2025-04-22,kualitas produk bagus penjual ramah
CUST-0598,Bandung,E-Wallet,P,Tidak,Tidak,Tinggi,Bronze,54,8,11,601000.0,16.8,4.2,2023,2025-02-16,pengiriman cepat barang aman sampai
CUST-0589,Jakarta,Kartu Kredit,P,Tidak,Ya,Sedang,Silver,35,26,32,5081000.0,52.0,3.5,2020,2025-01-18,kualitas produk standar harga wajar
CUST-0766,Jakarta,Transfer Bank,P,Ya,Ya,Sedang,Bronze,40,17,21,1305000.0,38.9,5.0,2021,2024-10-03,cukup baik walau kemasan kurang rapi
CUST-0142,Surabaya,Transfer Bank,L,Ya,Tidak,Rendah,Bronze,45,14,26,515000.0,10.2,4.2,2024,2025-03-04,pengiriman lama kemasan rusak
CUST-1122,Jakarta,COD,P,Tidak,Ya,Sangat Tinggi,Bronze,41,5,31,665000.0,1.4,4.9,2024,2025-03-13,sangat puas belanja lagi di sini
CUST-1062,Bandung,E-Wallet,P,Tidak,Ya,Sangat Tinggi,Bronze,28,1,13,58000.0,1.7,4.5,2024,2024-08-05,kualitas produk bagus penjual ramah
CUST-0416,Jakarta,Transfer Bank,L,Tidak,Tidak,Sangat Tinggi,Bronze,17,4,19,692000.0,10.3,4.5,2024,2024-10-15,kualitas produk bagus penjual ramah
CUST-1457,Jakarta,Transfer Bank,L,Tidak,Ya,Tinggi,Silver,47,30,16,3224000.0,44.1,4.1,2021,2025-05-09,produk bagus harga sesuai kualitas
CUST-0382,Makassar,E-Wallet,P,Tidak,Ya,Sangat Tinggi,Bronze,41,25,31,1078000.0,52.4,4.4,2020,2024-08-13,barang sesuai deskripsi pengiriman cepat
CUST-0614,Makassar,E-Wallet,P,Tidak,Ya,Tinggi,Bronze,35,1,40,49000.0,7.6,3.9,2024,2024-12-06,penjual responsif pelayanan memuaskan
CUST-0248,Surabaya,E-Wallet,P,Tidak,Ya,Tinggi,Silver,27,27,39,3915000.0,57.8,4.2,2020,2024-12-09,produk bagus harga sesuai kualitas
CUST-0808,Jakarta,E-Wallet,P,Tidak,Tidak,Rendah,Silver,32,28,49,3935000.0,57.1,3.3,2020,2024-10-22,penjual lambat membalas pesan
CUST-0494,jakarta ,Transfer Bank,P,Tidak,Ya,Sangat Tinggi,Bronze,27,6,19,652000.0,10.5,4.3,2024,2024-09-10,sangat puas belanja lagi di sini
CUST-0737,Jakarta,Transfer Bank,L,Tidak,Tidak,Tinggi,Bronze,29,6,15,1534000.0,1.9,4.1,2024,2024-08-24,penjual responsif pelayanan memuaskan
CUST-0692,Makassar,E-Wallet,P,Tidak,Ya,Tinggi,Bronze,30,3,18,238000.0,4.5,4.1,2024,2024-10-28,pengiriman cepat barang aman sampai
CUST-0245,Bandung,Kartu Kredit,L,Ya,Tidak,Sedang,Bronze,18,8,21,1178000.0,10.9,4.4,2024,2024-07-15,kualitas produk standar harga wajar
CUST-0905,Makassar,Kartu Kredit,L,Tidak,Tidak,Sangat Tinggi,Bronze,27,19,18,1813000.0,29.2,5.0,2022,2025-02-17,sangat puas belanja lagi di sini
CUST-1279,Medan,Transfer Bank,L,Tidak,Tidak,Sedang,Bronze,26,19,29,1415000.0,37.1,3.8,2021,2024-10-14,cukup baik walau kemasan kurang rapi
CUST-0788,Jakarta,Kartu Kredit,L,Tidak,Tidak,Sedang,Silver,28,17,31,3672000.0,43.4,4.0,2021,2024-08-11,cukup baik walau kemasan kurang rapi
CUST-0381,Surabaya,E-Wallet,L,Tidak,Tidak,Rendah,Silver,46,29,21,2821000.0,42.6,3.6,2021,2025-03-14,penjual lambat membalas pesan
CUST-1456,Jakarta,E-Wallet,L,Tidak,Tidak,Tinggi,Bronze,33,16,28,1659000.0,32.8,4.5,2022,2025-04-29,produk bagus harga sesuai kualitas
CUST-1474,Surabaya,COD,L,Tidak,Ya,Sangat Tinggi,Bronze,41,8,29,773000.0,28.2,5.0,2022,2024-07-13,kualitas produk bagus penjual ramah
CUST-1188,Makassar,E-Wallet,L,Tidak,Tidak,Tinggi,Bronze,34,7,35,289000.0,20.2,4.4,2023,2024-06-23,penjual responsif pelayanan memuaskan
CUST-0465,Bandung,Kartu Kredit,P,Tidak,Tidak,Sangat Tinggi,Bronze,33,20,48,1886000.0,33.8,4.2,2022,2025-02-27,sangat puas belanja lagi di sini
CUST-0620,Jakarta,Transfer Bank,P,Tidak,Ya,Tinggi,Silver,36,15,32,2999000.0,16.8,4.3,2023,2025-05-04,pengiriman cepat barang aman sampai
CUST-1146,Jakarta,COD,L,Tidak,Tidak,Sedang,Silver,22,21,15,2875000.0,43.7,3.9,2021,2025-06-18,barang sesuai tapi pengiriman agak lama
CUST-0169,Jakarta,Transfer Bank,L,Tidak,Ya,Tinggi,Bronze,26,1,25,153000.0,21.4,4.0,2023,2024-07-19,penjual responsif pelayanan memuaskan
CUST-1378,Medan,E-Wallet,L,Tidak,Tidak,Tinggi,Silver,47,31,24,2426000.0,57.5,4.9,2020,2024-08-24,produk bagus harga sesuai kualitas
CUST-0757,Jakarta,COD,L,Tidak,Tidak,Sangat Tinggi,Bronze,31,30,29,1387000.0,48.1,4.6,2020,2024-12-09,barang sesuai deskripsi pengiriman cepat
CUST-0362,Jakarta,COD,L,Tidak,Ya,Tinggi,Silver,36,20,17,2636000.0,38.7,4.1,2021,2025-05-24,produk bagus harga sesuai kualitas
CUST-1194,Makassar,COD,P,Tidak,Ya,Tinggi,Bronze,28,16,33,,30.1,4.3,2022,2024-08-07,produk bagus harga sesuai kualitas
CUST-1469,Bandung,E-Wallet,P,Tidak,Tidak,Sangat Tinggi,Bronze,37,11,30,908000.0,47.1,4.0,2021,2025-05-31,sangat puas belanja lagi di sini
CUST-0307,Surabaya,Transfer Bank,L,Tidak,Ya,Sangat Tinggi,Bronze,34,22,27,852000.0,41.9,4.7,2021,2025-02-08,sangat puas belanja lagi di sini
CUST-1024,Surabaya,E-Wallet,P,Tidak,Tidak,Sangat Tinggi,Bronze,33,8,17,954000.0,29.5,4.5,2022,2024-08-15,sangat puas belanja lagi di sini
CUST-0637,Bandung,E-Wallet,P,Ya,Ya,Tinggi,Bronze,32,14,13,1239000.0,8.2,5.0,2024,2024-08-27,pengiriman cepat barang aman sampai
CUST-0919,Jakarta,Transfer Bank,P,Tidak,Tidak,Rendah,Bronze,32,10,2,1395000.0,17.5,3.2,2023,2025-03-19,pengiriman lama kemasan rusak
CUST-0176,Jakarta,COD,L,Tidak,Tidak,Tinggi,Silver,40,25,22,5113000.0,59.4,4.7,2020,2024-07-01,penjual responsif pelayanan memuaskan
CUST-1023,Makassar,E-Wallet,L,Tidak,Tidak,Sangat Tinggi,Bronze,48,11,24,827000.0,20.9,5.0,2023,2025-06-15,barang sesuai deskripsi pengiriman cepat
CUST-0894,Jakarta,Transfer Bank,P,Tidak,Tidak,Sangat Rendah,Bronze,43,2,58,185000.0,13.4,1.8,2023,2024-09-04,sangat kecewa produk tidak sesuai
CUST-0901,Surabaya,E-Wallet,L,Tidak,Tidak,Tinggi,Silver,18,14,13,2545000.0,22.2,4.1,2023,2025-05-05,produk bagus harga sesuai kualitas
CUST-1253,Jakarta,Kartu Kredit,L,Tidak,Tidak,Sangat Tinggi,Silver,36,28,23,2218000.0,51.4,4.8,2020,2025-02-27,barang sesuai deskripsi pengiriman cepat
CUST-1010,Surabaya,E-Wallet,P,Tidak,Tidak,Sangat Tinggi,Bronze,37,15,28,1610000.0,32.2,4.9,2022,2024-11-22,barang sesuai deskripsi pengiriman cepat
CUST-1288,Jakarta,E-Wallet,L,Tidak,Tidak,Sangat Tinggi,Bronze,23,1,21,121000.0,7.9,5.0,2024,2024-11-04,sangat puas belanja lagi di sini
CUST-0077,Jakarta,Kartu Kredit,L,Tidak,Ya,Tinggi,Silver,33,20,18,4053000.0,37.9,4.7,2021,2025-06-23,penjual responsif pelayanan memuaskan
CUST-1043,Bandung,E-Wallet,L,Tidak,Ya,Sangat Tinggi,Bronze,29,13,18,1732000.0,6.0,4.9,2024,2025-06-30,sangat puas belanja lagi di sini
CUST-0678,Surabaya,Kartu Kredit,P,Ya,Tidak,Sedang,Bronze,18,44,30,1844000.0,53.6,4.2,2020,2025-03-10,kualitas produk standar harga wajar
CUST-0068,Jakarta,Transfer Bank,L,Ya,Tidak,Rendah,Bronze,56,8,39,624000.0,14.3,4.2,2023,2024-09-23,penjual lambat membalas pesan
CUST-1209,jakarta ,Transfer Bank,L,Ya,Tidak,Sangat Rendah,Bronze,26,4,54,,11.2,2.6,2024,2024-11-10,barang rusak penjual tidak merespons
CUST-0240,Jakarta,Kartu Kredit,L,Tidak,Ya,Sangat Tinggi,Silver,31,23,1,4022000.0,34.4,4.4,2022,2024-12-14,kualitas produk bagus penjual ramah
CUST-0529,Medan,E-Wallet,P,Tidak,Tidak,Rendah,Bronze,26,13,6,888000.0,31.3,3.1,2022,2024-08-05,produk tidak sesuai deskripsi
CUST-0050,Jakarta,Transfer Bank,L,Tidak,Ya,Sedang,Silver,22,17,32,7149000.0,30.6,3.8,2022,2024-09-23,kualitas produk standar harga wajar
CUST-0310,Jakarta,Transfer Bank,L,Tidak,Tidak,Sangat Tinggi,Bronze,19,19,20,1471000.0,42.9,4.9,2021,2024-07-19,sangat puas belanja lagi di sini
CUST-0071,Jakarta,E-Wallet,L,Tidak,Ya,Sedang,Gold,28,29,38,10612000.0,55.2,4.3,2020,2024-07-16,kualitas produk standar harga wajar
CUST-0746,Surabaya,Transfer Bank,P,Tidak,Tidak,Sedang,Bronze,23,1,18,123000.0,6.8,4.4,2024,2025-05-24,barang sesuai tapi pengiriman agak lama
CUST-0586,Bandung,Transfer Bank,P,Tidak,Ya,Sangat Tinggi,Bronze,33,6,40,390000.0,16.2,4.6,2023,2024-06-11,kualitas produk bagus penjual ramah
CUST-0803,Makassar,E-Wallet,L,Tidak,Tidak,Sangat Tinggi,Bronze,19,10,15,1052000.0,30.1,4.3,2022,2024-07-20,kualitas produk bagus penjual ramah
CUST-0298,Medan,Transfer Bank,P,Tidak,Ya,Sedang,Silver,50,28,30,3575000.0,39.0,3.6,2021,2025-01-02,cukup baik walau kemasan kurang rapi
CUST-1206,Jakarta,E-Wallet,P,Tidak,Ya,Sangat Tinggi,Bronze,35,11,13,1312000.0,24.7,5.0,2022,2024-08-24,barang sesuai deskripsi pengiriman cepat
CUST-1068,Bandung,Transfer Bank,P,Tidak,Ya,Tinggi,Silver,46,39,11,,56.9,3.8,2020,2024-06-12,pengiriman cepat barang aman sampai
CUST-0945,Surabaya,E-Wallet,L,Tidak,Ya,Sedang,Silver,48,14,25,2126000.0,23.6,4.1,2023,2025-06-28,cukup baik walau kemasan kurang rapi
CUST-0486,Surabaya,COD,P,Tidak,Tidak,Sedang,Silver,35,32,26,3443000.0,53.4,3.4,2020,2024-10-24,kualitas produk standar harga wajar
CUST-0221,Jakarta,Transfer Bank,L,Tidak,Ya,Tinggi,Silver,51,17,45,6115000.0,27.2,4.0,2022,2024-06-24,produk bagus harga sesuai kualitas
CUST-0501,Bandung,Kartu Kredit,L,Tidak,Tidak,Tinggi,Bronze,23,15,24,1722000.0,55.0,4.0,2020,2024-09-02,produk bagus harga sesuai kualitas
CUST-0768,Jakarta,E-Wallet,L,Tidak,Ya,Sangat Tinggi,Silver,30,23,40,4745000.0,29.1,4.2,2022,2025-02-03,barang sesuai deskripsi pengiriman cepat
CUST-0275,Bandung,E-Wallet,P,Ya,Tidak,Sangat Rendah,Bronze,36,13,3,568000.0,3.1,3.1,2024,2024-12-15,pengiriman sangat lama dan barang cacat
CUST-0932,Surabaya,Kartu Kredit,P,Tidak,Tidak,Tinggi,Bronze,43,25,22,1165000.0,43.7,4.0,2021,2024-06-24,pengiriman cepat barang aman sampai
CUST-0755,Bandung,COD,L,Tidak,Tidak,Sedang,Bronze,47,22,20,1990000.0,26.9,3.3,2022,2024-08-23,cukup baik walau kemasan kurang rapi
CUST-1126,Surabaya,E-Wallet,L,Tidak,Tidak,Tinggi,Silver,40,28,25,4386000.0,59.9,4.0,2020,2025-03-08,pengiriman cepat barang aman sampai
CUST-0424,Jakarta,E-Wallet,L,Tidak,Ya,Sangat Tinggi,Silver,21,26,25,,47.2,5.0,2021,2024-10-25,sangat puas belanja lagi di sini
CUST-1324,Medan,COD,L,Tidak,Ya,Sangat Tinggi,Silver,43,32,26,3356000.0,55.9,4.8,2020,2024-07-09,barang sesuai deskripsi pengiriman cepat
CUST-0987,Surabaya,Kartu Kredit,L,Tidak,Tidak,Sangat Tinggi,Bronze,50,17,41,931000.0,36.3,4.8,2021,2025-03-01,barang sesuai deskripsi pengiriman cepat
CUST-0991,Bandung,COD,P,Tidak,Tidak,Sedang,Bronze,40,8,7,370000.0,8.5,3.4,2024,2024-10-09,kualitas produk standar harga wajar
CUST-0925,Jakarta,COD,L,Tidak,Ya,Sangat Tinggi,Silver,37,12,19,2789000.0,20.7,4.1,2023,2025-05-29,kualitas produk bagus penjual ramah
CUST-1210,Surabaya,E-Wallet,L,Tidak,Ya,Tinggi,Silver,47,29,23,6601000.0,37.8,4.4,2021,2025-05-22,penjual responsif pelayanan memuaskan
CUST-0030,Bandung,Transfer Bank,L,Tidak,Tidak,Rendah,Bronze,33,9,36,1902000.0,11.3,3.6,2024,2024-06-10,penjual lambat membalas pesan
CUST-1176,Bandung,E-Wallet,P,Tidak,Tidak,Sedang,Bronze,44,2,28,262000.0,1.3,3.7,2024,2025-06-16,barang sesuai tapi pengiriman agak lama
CUST-1113,Bandung,E-Wallet,P,Tidak,Tidak,Rendah,Silver,43,23,3,4817000.0,41.1,3.2,2021,2025-01-12,pengiriman lama kemasan rusak
CUST-1495,Surabaya,E-Wallet,L,Tidak,Ya,Sangat Tinggi,Silver,35,32,35,4782000.0,54.0,4.4,2020,2024-07-04,sangat puas belanja lagi di sini
CUST-0066,Surabaya,E-Wallet,L,Tidak,Ya,Sangat Tinggi,Silver,18,28,21,2437000.0,52.3,4.6,2020,2024-09-20,kualitas produk bagus penjual ramah
CUST-1089,Surabaya,E-Wallet,L,Tidak,Tidak,Sedang,Bronze,31,10,1,1397000.0,11.7,3.5,2024,2024-08-24,cukup baik walau kemasan kurang rapi
CUST-0406,Medan,E-Wallet,P,Tidak,Ya,Sangat Tinggi,Bronze,44,17,25,1333000.0,43.7,4.2,2021,2025-03-27,barang sesuai deskripsi pengiriman cepat
CUST-1318,Jakarta,E-Wallet,P,Tidak,Ya,Tinggi,Silver,19,28,33,5911000.0,58.3,4.5,2020,2025-04-03,pengiriman cepat barang aman sampai
CUST-0124,Surabaya,Transfer Bank,L,Tidak,Ya,Tinggi,Bronze,24,8,27,1925000.0,21.2,4.7,2023,2024-07-06,penjual responsif pelayanan memuaskan
CUST-1167,Medan,COD,L,Tidak,Ya,Tinggi,Silver,23,24,20,4617000.0,43.4,4.2,2021,2024-06-28,pengiriman cepat barang aman sampai
CUST-0922,Medan,Transfer Bank,P,Tidak,Tidak,Rendah,Gold,29,24,49,11149000.0,47.7,2.7,2021,2024-10-13,produk tidak sesuai deskripsi
CUST-1386,Jakarta,Transfer Bank,P,Ya,Tidak,Sangat Rendah,Bronze,28,19,4,1381000.0,47.6,3.0,2021,2025-02-23,sangat kecewa produk tidak sesuai
CUST-0125,Jakarta,E-Wallet,L,Tidak,Tidak,Sedang,Bronze,30,9,44,643000.0,4.9,3.9,2024,2024-12-07,cukup baik walau kemasan kurang rapi
CUST-0567,Medan,E-Wallet,P,Tidak,Ya,Tinggi,Silver,52,24,16,3171000.0,34.9,4.6,2022,2024-08-31,penjual responsif pelayanan memuaskan
CUST-0483,Bandung,Kartu Kredit,P,Tidak,Ya,Sangat Tinggi,Silver,25,24,36,4429000.0,52.2,5.0,2020,2025-05-23,sangat puas belanja lagi di sini
CUST-0917,Jakarta,Transfer Bank,P,Ya,Tidak,Sangat Rendah,Bronze,36,11,5,1574000.0,21.6,3.3,2023,2024-10-06,pengiriman sangat lama dan barang cacat
CUST-1272,Surabaya,Kartu Kredit,L,Tidak,Ya,Sedang,Gold,17,34,14,,55.2,,2020,2025-06-18,cukup baik walau kemasan kurang rapi
CUST-0479,Bandung,Kartu Kredit,P,Tidak,Tidak,Sangat Tinggi,Bronze,36,6,24,253000.0,15.6,4.9,2023,2024-07-05,sangat puas belanja lagi di sini
CUST-0491,Bandung,Transfer Bank,P,Ya,Tidak,Sangat Rendah,Bronze,21,14,46,1485000.0,16.4,3.3,2023,2024-08-03,barang rusak penjual tidak merespons
CUST-1472,Jakarta,E-Wallet,L,Ya,Ya,Sedang,Gold,17,36,25,9946000.0,49.0,5.0,2020,2025-02-16,kualitas produk standar harga wajar
CUST-1415,Jakarta,E-Wallet,L,Tidak,Tidak,Sangat Tinggi,Silver,52,15,21,,39.8,5.0,2021,2025-05-13,kualitas produk bagus penjual ramah
CUST-0671,Jakarta,E-Wallet,L,Tidak,Tidak,Tinggi,Silver,55,13,21,2373000.0,22.7,3.9,2023,2025-05-04,produk bagus harga sesuai kualitas
CUST-0940,Jakarta,Kartu Kredit,L,Tidak,Tidak,Sangat Tinggi,Bronze,39,8,12,555000.0,17.0,4.3,2023,2024-09-16,sangat puas belanja lagi di sini
CUST-1444,Jakarta,Transfer Bank,P,Tidak,Ya,Sangat Tinggi,Bronze,33,4,41,848000.0,10.1,4.4,2024,2025-04-01,barang sesuai deskripsi pengiriman cepat
CUST-0045,Medan,E-Wallet,P,Tidak,Ya,Tinggi,Bronze,53,21,27,1076000.0,32.2,4.4,2022,2025-01-15,penjual responsif pelayanan memuaskan
CUST-0060,Jakarta,Kartu Kredit,L,Tidak,Ya,Sangat Tinggi,Silver,59,28,35,3572000.0,53.3,4.9,2020,2025-05-11,sangat puas belanja lagi di sini
CUST-1371,Jakarta,E-Wallet,L,Tidak,Tidak,Sangat Tinggi,Bronze,29,12,17,1252000.0,18.6,4.6,2023,2024-07-04,kualitas produk bagus penjual ramah
CUST-1211,Bandung,COD,P,Tidak,Ya,Tinggi,Bronze,47,15,9,1156000.0,31.3,3.8,2022,2025-05-04,penjual responsif pelayanan memuaskan
CUST-0024,Makassar,Kartu Kredit,P,Tidak,Tidak,Tinggi,Bronze,34,26,6,1054000.0,52.8,4.1,2020,2024-07-29,produk bagus harga sesuai kualitas
CUST-1076,Jakarta,E-Wallet,L,Tidak,Tidak,Tinggi,Bronze,37,14,25,1923000.0,28.2,4.3,2022,2024-12-07,produk bagus harga sesuai kualitas
CUST-0775,Jakarta,Kartu Kredit,P,Tidak,Tidak,Sangat Tinggi,Silver,30,15,41,2707000.0,31.5,4.8,2022,2025-01-15,barang sesuai deskripsi pengiriman cepat
CUST-1066,Makassar,E-Wallet,P,Tidak,Ya,Tinggi,Silver,26,16,20,4601000.0,48.8,4.4,2020,2025-03-05,pengiriman cepat barang aman sampai
CUST-1228,Surabaya,Transfer Bank,L,Tidak,Tidak,Tinggi,Bronze,50,9,14,1361000.0,19.8,4.5,2023,2024-09-09,produk bagus harga sesuai kualitas
CUST-0773,Bandung,Kartu Kredit,P,Tidak,Tidak,Rendah,Bronze,27,19,52,1906000.0,28.4,2.6,2022,2025-03-28,produk tidak sesuai deskripsi
CUST-0434,Medan,Kartu Kredit,L,Tidak,Ya,Sangat Tinggi,Silver,19,23,16,,55.1,4.4,2020,2024-06-01,kualitas produk bagus penjual ramah
CUST-0345,Medan,Transfer Bank,P,Tidak,Ya,Sangat Tinggi,Silver,38,11,34,2185000.0,17.8,3.6,2023,2025-04-27,sangat puas belanja lagi di sini
CUST-1139,Jakarta,Kartu Kredit,P,Ya,Tidak,Sedang,Silver,24,26,31,6220000.0,43.0,4.1,2021,2025-03-28,barang sesuai tapi pengiriman agak lama
CUST-1452,Bandung,Kartu Kredit,P,Tidak,Tidak,Sangat Tinggi,Bronze,33,13,6,1804000.0,19.5,4.3,2023,2025-02-10,kualitas produk bagus penjual ramah
CUST-0116,Medan,Transfer Bank,P,Tidak,Tidak,Rendah,Silver,46,21,33,3362000.0,46.0,3.2,2021,2024-10-29,produk tidak sesuai deskripsi
CUST-1091,Jakarta,Kartu Kredit,L,Tidak,Ya,Tinggi,Bronze,34,20,26,1230000.0,29.3,4.4,2022,2025-05-26,produk bagus harga sesuai kualitas
CUST-0472,Surabaya,COD,L,Ya,Ya,Rendah,Silver,31,19,15,2125000.0,36.8,,2021,2025-01-10,pengiriman lama kemasan rusak
CUST-0290,Jakarta,Transfer Bank,L,Tidak,Tidak,Sangat Tinggi,Silver,34,26,24,2249000.0,53.6,4.5,2020,2024-12-24,sangat puas belanja lagi di sini
CUST-0707,Medan,Kartu Kredit,L,Ya,Tidak,Sangat Rendah,Bronze,35,1,45,80000.0,10.8,3.8,2024,2025-05-17,pengiriman sangat lama dan barang cacat
CUST-0621,Medan,Transfer Bank,P,Tidak,Tidak,Sangat Tinggi,Bronze,17,23,15,1468000.0,48.7,5.0,2020,2024-08-18,barang sesuai deskripsi pengiriman cepat
CUST-0429,Jakarta,Transfer Bank,P,Tidak,Tidak,Sedang,Silver,42,18,13,3763000.0,28.5,4.2,2022,2024-11-29,cukup baik walau kemasan kurang rapi
CUST-0947,Bandung,Transfer Bank,L,Tidak,Tidak,Sangat Tinggi,Bronze,38,25,14,475000.0,43.7,4.9,2021,2025-04-05,barang sesuai deskripsi pengiriman cepat
CUST-0794,Jakarta,E-Wallet,L,Tidak,Tidak,Tinggi,Bronze,44,6,11,1940000.0,35.3,4.0,2022,2024-06-28,pengiriman cepat barang aman sampai
CUST-0722,Surabaya,E-Wallet,P,Tidak,Tidak,Rendah,Bronze,35,12,17,1289000.0,23.4,3.7,2023,2024-07-18,penjual lambat membalas pesan
CUST-1289,Surabaya,COD,P,Tidak,Ya,Sedang,Bronze,28,19,24,845000.0,34.9,4.5,2022,2024-09-07,barang sesuai tapi pengiriman agak lama
CUST-0260,Bandung,COD,L,Tidak,Tidak,Tinggi,Bronze,19,8,34,,15.5,4.0,2023,2025-02-24,pengiriman cepat barang aman sampai
CUST-0079,Surabaya,COD,P,Tidak,Tidak,Rendah,Bronze,27,5,39,847000.0,5.1,3.8,2024,2025-01-30,penjual lambat membalas pesan
CUST-1223,Makassar,E-Wallet,L,Ya,Tidak,Rendah,Bronze,23,29,13,1826000.0,31.9,4.6,2022,2024-08-20,penjual lambat membalas pesan
CUST-0632,Medan,Kartu Kredit,P,Tidak,Ya,Sangat Tinggi,Bronze,35,6,14,,4.6,4.1,2024,2024-10-23,barang sesuai deskripsi pengiriman cepat
CUST-0440,Bandung,Transfer Bank,P,Tidak,Tidak,Tinggi,Bronze,53,21,13,1308000.0,34.9,,2022,2024-11-11,penjual responsif pelayanan memuaskan
CUST-0016,Jakarta,Transfer Bank,P,Tidak,Ya,Sangat Tinggi,Bronze,44,3,30,163000.0,4.5,4.5,2024,2024-11-05,sangat puas belanja lagi di sini
CUST-0498,Bandung,E-Wallet,P,Tidak,Ya,Tinggi,Bronze,33,11,40,650000.0,28.9,4.2,2022,2024-06-17,pengiriman cepat barang aman sampai
CUST-0352,Jakarta,COD,L,Tidak,Ya,Tinggi,Silver,26,30,24,2525000.0,55.2,,2020,2024-12-13,pengiriman cepat barang aman sampai
CUST-0856,Surabaya,Kartu Kredit,L,Tidak,Tidak,Sangat Tinggi,Bronze,47,8,13,493000.0,20.9,5.0,2023,2024-07-31,kualitas produk bagus penjual ramah
CUST-0204,Jakarta,E-Wallet,P,Tidak,Tidak,Sangat Tinggi,Bronze,22,9,23,869000.0,12.0,4.9,2024,2025-04-14,sangat puas belanja lagi di sini
CUST-0304,Surabaya,Kartu Kredit,P,Tidak,Ya,Tinggi,Bronze,52,4,33,441000.0,10.5,4.1,2024,2024-06-22,penjual responsif pelayanan memuaskan
CUST-0694,Jakarta,Transfer Bank,P,Tidak,Ya,Sangat Tinggi,Silver,26,26,21,3483000.0,49.3,4.7,2020,2025-04-24,sangat puas belanja lagi di sini
CUST-0527,Makassar,Kartu Kredit,L,Tidak,Tidak,Sedang,Bronze,32,1,6,101000.0,18.9,3.9,2023,2025-06-15,cukup baik walau kemasan kurang rapi
CUST-1173,Jakarta,E-Wallet,P,Tidak,Ya,Tinggi,Silver,39,22,26,3544000.0,44.4,4.8,2021,2025-03-29,produk bagus harga sesuai kualitas
CUST-1095,Bandung,Transfer Bank,L,Tidak,Tidak,Sedang,Bronze,36,22,12,1993000.0,40.9,4.2,2021,2024-10-05,kualitas produk standar harga wajar
CUST-1132,Surabaya,E-Wallet,P,Tidak,Tidak,Tinggi,Bronze,43,30,39,1063000.0,40.3,3.6,2021,2025-05-12,produk bagus harga sesuai kualitas
CUST-0487,Surabaya,Transfer Bank,P,Tidak,Ya,Rendah,Bronze,29,14,52,955000.0,16.0,2.8,2023,2024-07-15,produk tidak sesuai deskripsi
CUST-0811,Jakarta,COD,P,Tidak,Ya,Tinggi,Bronze,39,1,25,,10.9,4.3,2024,2024-09-05,penjual responsif pelayanan memuaskan
CUST-0276,Surabaya,E-Wallet,P,Ya,Tidak,Sedang,Bronze,17,19,27,1121000.0,43.9,4.5,2021,2024-07-06,barang sesuai tapi pengiriman agak lama
CUST-0590,Jakarta,E-Wallet,L,Tidak,Ya,Sedang,Bronze,43,13,25,853000.0,31.3,3.8,2022,2024-10-06,kualitas produk standar harga wajar
CUST-1383,Surabaya,E-Wallet,L,Tidak,Ya,Tinggi,Silver,35,29,14,2404000.0,56.8,4.3,2020,2025-03-25,pengiriman cepat barang aman sampai
CUST-0886,Surabaya,Kartu Kredit,L,Tidak,Tidak,Rendah,Silver,30,34,37,2909000.0,57.5,3.7,2020,2024-08-27,pengiriman lama kemasan rusak
CUST-1025,Bandung,COD,P,Tidak,Tidak,Sangat Tinggi,Bronze,38,12,21,1691000.0,6.9,5.0,2024,2025-05-30,barang sesuai deskripsi pengiriman cepat
CUST-0241,Medan,Transfer Bank,P,Tidak,Tidak,Sedang,Bronze,25,22,25,1674000.0,38.8,4.3,2021,2024-07-04,kualitas produk standar harga wajar
CUST-0514,Jakarta,E-Wallet,P,Tidak,Ya,Sedang,Bronze,50,31,27,1518000.0,45.4,4.0,2021,2024-12-19,cukup baik walau kemasan kurang rapi
CUST-0650,Jakarta,Transfer Bank,P,Tidak,Tidak,Sangat Tinggi,Bronze,52,19,31,1178000.0,19.4,4.6,2023,2025-06-10,barang sesuai deskripsi pengiriman cepat
CUST-0317,Surabaya,Kartu Kredit,P,Tidak,Tidak,Sangat Tinggi,Bronze,19,8,18,586000.0,32.4,5.0,2022,2025-05-16,kualitas produk bagus penjual ramah
CUST-0967,Makassar,Kartu Kredit,P,Tidak,Tidak,Sangat Tinggi,Bronze,31,17,25,1404000.0,32.7,4.8,2022,2024-12-01,sangat puas belanja lagi di sini
CUST-0325,Medan,Kartu Kredit,P,Tidak,Tidak,Sedang,Bronze,50,21,1,745000.0,36.3,3.0,2021,2024-11-13,barang sesuai tapi pengiriman agak lama
CUST-0368,Bandung,Transfer Bank,P,Tidak,Tidak,Tinggi,Bronze,35,7,32,1292000.0,13.1,3.5,2023,2024-05-27,produk bagus harga sesuai kualitas
CUST-0044,JAKARTA,Transfer Bank,L,Tidak,Tidak,Tinggi,Silver,46,26,26,2797000.0,59.8,4.6,2020,2025-05-14,penjual responsif pelayanan memuaskan
CUST-1342,Medan,E-Wallet,L,Tidak,Ya,Sangat Tinggi,Bronze,35,4,38,790000.0,17.8,5.0,2023,2024-10-10,kualitas produk bagus penjual ramah
CUST-0417,Jakarta,E-Wallet,P,Tidak,Ya,Sedang,Silver,17,14,37,2040000.0,27.5,3.4,2022,2025-05-19,cukup baik walau kemasan kurang rapi
CUST-1451,Medan,Transfer Bank,P,Tidak,Tidak,Tinggi,Bronze,20,10,9,847000.0,15.2,3.6,2023,2024-12-24,pengiriman cepat barang aman sampai
CUST-0423,Jakarta,E-Wallet,P,Tidak,Ya,Tinggi,Silver,19,20,26,4045000.0,40.5,4.0,2021,2025-01-30,penjual responsif pelayanan memuaskan
CUST-0102,Bandung,Transfer Bank,L,Tidak,Tidak,Sedang,Bronze,17,6,19,851000.0,12.7,3.9,2023,2025-02-23,kualitas produk standar harga wajar
CUST-0108,Jakarta,Transfer Bank,P,Tidak,Ya,Sangat Tinggi,Bronze,23,8,27,1784000.0,8.6,5.0,2024,2024-07-16,kualitas produk bagus penjual ramah
CUST-0797,Jakarta,Kartu Kredit,P,Tidak,Ya,Sangat Tinggi,Silver,35,30,15,5894000.0,46.6,4.6,2021,2025-03-26,barang sesuai deskripsi pengiriman cepat
CUST-1055,Jakarta,Transfer Bank,P,Tidak,Tidak,Rendah,Bronze,22,1,4,70000.0,8.4,3.1,2024,2024-07-19,pengiriman lama kemasan rusak
CUST-0830,Jakarta,E-Wallet,P,Tidak,Tidak,Sangat Tinggi,Silver,29,18,16,3771000.0,44.9,4.4,2021,2024-08-13,barang sesuai deskripsi pengiriman cepat
CUST-0383,Medan,E-Wallet,P,Tidak,Ya,Tinggi,Silver,36,28,18,6775000.0,39.9,4.4,2021,2024-08-24,produk bagus harga sesuai kualitas
CUST-0323,Jakarta,E-Wallet,P,Tidak,Ya,Sangat Tinggi,Silver,54,32,32,4123000.0,52.0,4.9,2020,2025-04-15,barang sesuai deskripsi pengiriman cepat
CUST-0615,Jakarta,Transfer Bank,P,Tidak,Tidak,Sedang,Silver,37,42,21,2805000.0,59.1,3.9,2020,2025-04-18,cukup baik walau kemasan kurang rapi
CUST-1306,Makassar,Transfer Bank,L,Tidak,Tidak,Sedang,Bronze,36,21,31,1117000.0,27.7,4.1,2022,2025-02-14,kualitas produk standar harga wajar
CUST-0705,Jakarta,E-Wallet,L,Tidak,Tidak,Sangat Tinggi,Bronze,48,11,33,1202000.0,28.1,4.3,2022,2024-12-04,barang sesuai deskripsi pengiriman cepat
CUST-0129,Jakarta,Transfer Bank,P,Tidak,Tidak,Sangat Tinggi,Silver,21,12,23,3926000.0,32.6,5.0,2022,2024-12-27,sangat puas belanja lagi di sini
CUST-1236,Jakarta,E-Wallet,L,Tidak,Tidak,Sedang,Silver,51,27,2,3480000.0,47.1,3.2,2021,2025-04-10,barang sesuai tapi pengiriman agak lama
CUST-0910,jakarta ,COD,P,Tidak,Tidak,Sedang,Bronze,59,18,25,1827000.0,22.8,3.5,2023,2025-03-24,cukup baik walau kemasan kurang rapi
CUST-1463,Jakarta,Transfer Bank,L,Tidak,Tidak,Tinggi,Bronze,34,1,1,91000.0,3.3,3.8,2024,2024-09-13,produk bagus harga sesuai kualitas
CUST-1051,Bandung,E-Wallet,P,Tidak,Ya,Rendah,Silver,32,32,15,3538000.0,58.8,3.6,2020,2024-09-26,pengiriman lama kemasan rusak
CUST-0711,Makassar,COD,P,Tidak,Tidak,Sedang,Bronze,30,9,22,1407000.0,10.1,4.2,2024,2025-03-02,barang sesuai tapi pengiriman agak lama
CUST-0934,Medan,E-Wallet,L,Tidak,Tidak,Sangat Tinggi,Silver,36,30,19,2940000.0,42.1,4.6,2021,2024-10-16,sangat puas belanja lagi di sini
CUST-0366,Surabaya,Kartu Kredit,L,Tidak,Tidak,Tinggi,Bronze,31,11,1,504000.0,22.2,3.9,2023,2025-02-24,pengiriman cepat barang aman sampai
CUST-1436,Makassar,E-Wallet,P,Tidak,Tidak,Tinggi,Bronze,35,5,36,311000.0,26.6,4.3,2022,2024-06-29,penjual responsif pelayanan memuaskan
CUST-0033,Jakarta,E-Wallet,L,Tidak,Tidak,Rendah,Bronze,30,3,5,108000.0,8.3,3.7,2024,2025-01-15,penjual lambat membalas pesan
CUST-1471,Makassar,E-Wallet,P,Tidak,Tidak,Sangat Tinggi,Bronze,39,9,33,911000.0,11.5,4.8,2024,2025-02-10,sangat puas belanja lagi di sini
CUST-1285,Makassar,Transfer Bank,P,Tidak,Tidak,Tinggi,Bronze,34,29,23,1972000.0,56.0,4.1,2020,2025-04-06,pengiriman cepat barang aman sampai
CUST-0375,Jakarta,COD,P,Tidak,Tidak,Rendah,Bronze,28,5,7,1104000.0,17.8,3.5,2023,2024-12-26,produk tidak sesuai deskripsi
CUST-1005,Bandung,Transfer Bank,P,Tidak,Tidak,Sangat Tinggi,Bronze,61,32,9,1838000.0,53.5,5.0,2020,2025-04-23,kualitas produk bagus penjual ramah
CUST-1317,Bandung,Transfer Bank,P,Tidak,Ya,Sangat Tinggi,Silver,31,37,32,3664000.0,52.3,4.6,2020,2024-11-09,barang sesuai deskripsi pengiriman cepat
CUST-0359,Surabaya,Transfer Bank,P,Ya,Tidak,Sedang,Bronze,43,14,12,1213000.0,31.0,4.3,2022,2024-07-03,barang sesuai tapi pengiriman agak lama
CUST-1494,Medan,E-Wallet,L,Tidak,Tidak,Sangat Tinggi,Bronze,42,6,35,,7.4,4.3,2024,2024-11-20,kualitas produk bagus penjual ramah
CUST-0354,Bandung,Kartu Kredit,L,Tidak,Tidak,Sangat Tinggi,Silver,55,20,14,3865000.0,26.6,5.0,2022,2024-10-19,barang sesuai deskripsi pengiriman cepat
CUST-1079,Bandung,Transfer Bank,L,Tidak,Tidak,Sangat Tinggi,Bronze,25,1,24,108000.0,7.8,4.8,2024,2025-05-22,barang sesuai deskripsi pengiriman cepat
CUST-1286,Makassar,Kartu Kredit,L,Tidak,Tidak,,Bronze,36,32,26,1806000.0,54.9,4.5,2020,2025-02-13,sangat puas belanja lagi di sini
CUST-0340,Makassar,Kartu Kredit,P,Tidak,Ya,Rendah,Silver,44,27,1,3244000.0,43.1,2.8,2021,2024-07-24,pengiriman lama kemasan rusak
CUST-0164,Jakarta,Transfer Bank,P,Tidak,Tidak,Rendah,Bronze,29,6,1,,34.7,2.9,2022,2024-08-25,produk tidak sesuai deskripsi
CUST-0262,Medan,Transfer Bank,P,Tidak,Tidak,Sedang,Bronze,49,4,42,218000.0,9.2,3.5,2024,2024-08-22,cukup baik walau kemasan kurang rapi
CUST-0311,Surabaya,Transfer Bank,P,Tidak,Tidak,Tinggi,Bronze,53,6,25,861000.0,10.2,4.5,2024,2024-12-29,produk bagus harga sesuai kualitas
CUST-0431,Makassar,E-Wallet,P,Tidak,Tidak,Rendah,Bronze,35,13,40,922000.0,25.3,3.7,2022,2025-01-03,pengiriman lama kemasan rusak
CUST-0923,Bandung,Kartu Kredit,L,Tidak,Ya,Tinggi,Bronze,24,15,15,1184000.0,25.8,4.2,2022,2024-07-27,produk bagus harga sesuai kualitas
CUST-1168,Surabaya,Transfer Bank,L,Tidak,Tidak,Sedang,Bronze,39,8,44,538000.0,12.6,3.2,2023,2025-05-28,cukup baik walau kemasan kurang rapi
CUST-0585,Makassar,E-Wallet,P,Tidak,Ya,Tinggi,Silver,26,27,25,2480000.0,29.3,4.6,2022,2024-12-12,pengiriman cepat barang aman sampai
CUST-0763,Jakarta,E-Wallet,L,Tidak,Ya,Sedang,Gold,37,38,20,12097000.0,54.7,3.8,2020,2024-10-04,kualitas produk standar harga wajar
CUST-0652,Makassar,Transfer Bank,L,Tidak,Ya,Sedang,Silver,32,32,15,,59.4,3.8,2020,2024-08-16,cukup baik walau kemasan kurang rapi
CUST-1191,Surabaya,COD,L,Tidak,Ya,Sangat Tinggi,Silver,35,18,37,2138000.0,32.1,4.6,2022,2025-03-14,kualitas produk bagus penjual ramah
CUST-1248,Jakarta,Transfer Bank,L,Tidak,Tidak,Sedang,Bronze,32,4,21,162000.0,12.6,3.6,2023,2024-07-19,cukup baik walau kemasan kurang rapi
CUST-0193,Jakarta,Transfer Bank,P,Tidak,Ya,Tinggi,Bronze,47,2,37,192000.0,12.5,4.0,2023,2025-05-17,pengiriman cepat barang aman sampai
CUST-0679,Jakarta,Transfer Bank,L,Tidak,Tidak,Tinggi,Bronze,40,1,27,145000.0,3.1,4.0,2024,2024-08-24,penjual responsif pelayanan memuaskan
CUST-1198,Bandung,Transfer Bank,P,Tidak,Ya,Sedang,Silver,29,27,7,3488000.0,53.2,3.6,2020,2024-08-29,barang sesuai tapi pengiriman agak lama
CUST-1311,Surabaya,Transfer Bank,P,Tidak,Tidak,,Bronze,24,17,26,931000.0,23.8,5.0,2023,2024-07-31,barang sesuai deskripsi pengiriman cepat
CUST-0064,Medan,COD,P,Tidak,Tidak,Tinggi,Bronze,45,6,20,456000.0,24.7,4.1,2022,2025-04-22,penjual responsif pelayanan memuaskan
CUST-1064,Bandung,E-Wallet,P,Tidak,Ya,Sangat Tinggi,Bronze,27,3,45,190000.0,4.6,4.9,2024,2024-12-29,sangat puas belanja lagi di sini
CUST-0238,Medan,Transfer Bank,L,Ya,Tidak,Sangat Rendah,Bronze,38,23,58,1346000.0,40.5,2.4,2021,2024-09-13,sangat kecewa produk tidak sesuai
CUST-1161,jakarta ,Kartu Kredit,P,Tidak,Tidak,Sangat Tinggi,Bronze,32,11,39,989000.0,35.6,4.5,2022,2025-02-27,sangat puas belanja lagi di sini
CUST-0232,Surabaya,Transfer Bank,L,Tidak,Ya,Sangat Tinggi,Silver,46,18,22,,29.9,4.7,2022,2025-03-31,barang sesuai deskripsi pengiriman cepat
CUST-1069,jakarta ,E-Wallet,P,Tidak,Tidak,Sangat Tinggi,Bronze,40,10,25,1207000.0,26.2,4.6,2022,2025-02-25,kualitas produk bagus penjual ramah
CUST-0530,Jakarta,E-Wallet,P,Ya,Tidak,Sangat Rendah,Bronze,27,8,1,842000.0,5.9,2.8,2024,2024-10-19,sangat kecewa produk tidak sesuai
CUST-1470,Jakarta,Transfer Bank,L,Tidak,Ya,Sangat Tinggi,Silver,30,18,23,5010000.0,36.3,5.0,2021,2024-12-04,kualitas produk bagus penjual ramah
CUST-0731,Jakarta,E-Wallet,P,Tidak,Ya,Sangat Tinggi,Silver,33,29,20,6799000.0,48.6,4.6,2020,2024-05-28,barang sesuai deskripsi pengiriman cepat
CUST-0199,Jakarta,COD,L,Tidak,Tidak,Rendah,Silver,26,16,1,3129000.0,28.1,3.4,2022,2025-05-25,pengiriman lama kemasan rusak
CUST-0278,Surabaya,E-Wallet,P,Tidak,Ya,Sedang,Silver,49,22,17,4555000.0,39.7,4.0,2021,2024-07-11,barang sesuai tapi pengiriman agak lama
CUST-0863,Medan,E-Wallet,P,Tidak,Tidak,Sedang,Bronze,42,2,2,293000.0,6.0,3.4,2024,2025-03-31,kualitas produk standar harga wajar
CUST-1482,Jakarta,Transfer Bank,P,Tidak,Tidak,Rendah,Silver,49,37,16,4085000.0,55.1,3.2,2020,2024-06-07,penjual lambat membalas pesan
CUST-0562,Jakarta,Transfer Bank,P,Tidak,Tidak,Sangat Tinggi,Bronze,29,10,36,940000.0,21.8,4.9,2023,2024-08-25,sangat puas belanja lagi di sini
CUST-0219,Makassar,E-Wallet,L,Tidak,Ya,Sangat Tinggi,Silver,17,15,33,2658000.0,12.5,5.0,2023,2024-12-26,barang sesuai deskripsi pengiriman cepat
CUST-0783,Surabaya,E-Wallet,P,Tidak,Ya,Sangat Tinggi,Bronze,48,18,13,1616000.0,37.4,4.9,2021,2025-06-05,kualitas produk bagus penjual ramah
CUST-0031,Bandung,E-Wallet,P,Tidak,Ya,Sangat Tinggi,Bronze,27,2,18,380000.0,22.7,4.4,2023,2024-12-18,barang sesuai deskripsi pengiriman cepat
CUST-0057,Surabaya,COD,P,Tidak,Tidak,Sangat Tinggi,Silver,27,8,19,2048000.0,8.9,5.0,2024,2024-11-21,barang sesuai deskripsi pengiriman cepat
CUST-1214,Surabaya,Transfer Bank,L,Tidak,Tidak,Sangat Tinggi,Bronze,30,19,19,1470000.0,36.5,4.9,2021,2024-06-25,kualitas produk bagus penjual ramah
CUST-0999,Makassar,Kartu Kredit,L,Ya,Ya,Sedang,Silver,37,24,25,2374000.0,52.0,4.4,2020,2025-06-02,cukup baik walau kemasan kurang rapi
CUST-0951,Surabaya,E-Wallet,L,Ya,Tidak,Rendah,Bronze,44,21,28,1230000.0,36.1,4.2,2021,2024-06-07,produk tidak sesuai deskripsi
CUST-0433,Bandung,Kartu Kredit,P,Tidak,Tidak,Sangat Tinggi,Bronze,20,7,36,665000.0,7.4,4.4,2024,2025-06-15,barang sesuai deskripsi pengiriman cepat
CUST-0702,Jakarta,COD,L,Tidak,Tidak,Sangat Tinggi,Silver,35,24,21,4639000.0,37.8,4.9,2021,2025-06-15,barang sesuai deskripsi pengiriman cepat
CUST-0584,Surabaya,Transfer Bank,P,Ya,Tidak,Rendah,Bronze,35,5,19,385000.0,11.5,4.0,2024,2024-07-12,produk tidak sesuai deskripsi
CUST-1011,Bandung,E-Wallet,L,Tidak,Tidak,Sangat Tinggi,Silver,43,6,34,3355000.0,5.3,4.7,2024,2024-12-30,kualitas produk bagus penjual ramah
CUST-1287,Surabaya,Kartu Kredit,P,Tidak,Tidak,Rendah,Silver,35,31,1,2019000.0,48.0,3.7,2021,2025-03-06,pengiriman lama kemasan rusak
CUST-1174,Bandung,E-Wallet,L,Tidak,Ya,Sangat Tinggi,Silver,46,18,19,2778000.0,39.3,4.2,2021,2025-01-10,sangat puas belanja lagi di sini
CUST-1240,Jakarta,E-Wallet,P,Tidak,Ya,Sangat Tinggi,Gold,28,35,16,8290000.0,50.9,5.0,2020,2024-06-13,barang sesuai deskripsi pengiriman cepat
CUST-0454,Jakarta,COD,L,Tidak,Tidak,Sangat Tinggi,Bronze,42,11,37,804000.0,17.1,4.6,2023,2024-10-10,kualitas produk bagus penjual ramah
CUST-1115,Makassar,Transfer Bank,P,Tidak,Ya,Sangat Tinggi,Silver,43,33,32,,48.6,4.5,2020,2024-07-20,barang sesuai deskripsi pengiriman cepat
CUST-0706,Bandung,E-Wallet,L,Ya,Tidak,Sangat Rendah,Bronze,47,25,3,1888000.0,30.2,3.7,2022,2024-11-29,sangat kecewa produk tidak sesuai
CUST-0372,Jakarta,E-Wallet,L,Tidak,Tidak,Sangat Tinggi,Bronze,19,4,28,745000.0,4.0,4.6,2024,2025-03-08,kualitas produk bagus penjual ramah
CUST-0844,Surabaya,Transfer Bank,P,Tidak,Tidak,Sangat Tinggi,Bronze,59,12,12,1142000.0,21.0,4.6,2023,2024-08-28,sangat puas belanja lagi di sini
CUST-0100,Makassar,Transfer Bank,L,Tidak,Tidak,Sangat Tinggi,Bronze,34,1,27,166000.0,9.2,4.4,2024,2024-08-07,barang sesuai deskripsi pengiriman cepat
CUST-0535,Jakarta,Transfer Bank,P,Tidak,Ya,Sangat Tinggi,Bronze,49,18,6,1754000.0,27.5,4.1,2022,2024-06-03,kualitas produk bagus penjual ramah
CUST-0426,Medan,Transfer Bank,P,Tidak,Tidak,Sedang,Bronze,33,1,16,65000.0,2.3,4.0,2024,2024-10-21,barang sesuai tapi pengiriman agak lama
CUST-0271,Jakarta,E-Wallet,P,Tidak,Tidak,Sedang,Silver,42,13,21,2142000.0,28.2,3.7,2022,2024-10-23,barang sesuai tapi pengiriman agak lama
CUST-0630,Medan,Transfer Bank,L,Tidak,Tidak,Rendah,Silver,19,22,7,4432000.0,42.3,3.2,2021,2025-03-11,produk tidak sesuai deskripsi
CUST-0933,Surabaya,E-Wallet,P,Tidak,Tidak,Tinggi,Bronze,21,13,25,957000.0,34.9,4.7,2022,2024-06-04,pengiriman cepat barang aman sampai
CUST-0723,Jakarta,E-Wallet,P,Tidak,Ya,Tinggi,Bronze,21,7,26,1360000.0,25.7,4.8,2022,2025-03-21,pengiriman cepat barang aman sampai
CUST-1030,Surabaya,E-Wallet,P,Tidak,Tidak,Sedang,Bronze,39,20,37,1562000.0,54.1,3.9,2020,2024-09-08,cukup baik walau kemasan kurang rapi
CUST-0272,jakarta ,Kartu Kredit,P,Tidak,Ya,Sedang,Bronze,26,12,33,1192000.0,14.1,4.0,2023,2025-05-04,barang sesuai tapi pengiriman agak lama
CUST-0745,Surabaya,E-Wallet,L,Tidak,Tidak,Sangat Tinggi,Bronze,40,11,15,298000.0,6.6,4.7,2024,2024-12-10,barang sesuai deskripsi pengiriman cepat
CUST-1328,Bandung,Transfer Bank,P,Tidak,Ya,Tinggi,Bronze,26,11,33,1269000.0,26.3,3.7,2022,2024-07-18,pengiriman cepat barang aman sampai
CUST-0427,Jakarta,E-Wallet,L,Tidak,Tidak,Tinggi,Bronze,33,7,42,1338000.0,7.8,4.1,2024,2025-06-10,pengiriman cepat barang aman sampai
CUST-0715,Medan,COD,P,Tidak,Tidak,Sedang,Bronze,51,22,38,1023000.0,38.0,4.2,2021,2025-03-17,barang sesuai tapi pengiriman agak lama
CUST-0592,Surabaya,Kartu Kredit,L,Tidak,Ya,Sangat Tinggi,Silver,47,26,24,2626000.0,41.9,4.5,2021,2024-10-15,barang sesuai deskripsi pengiriman cepat
CUST-1331,Medan,Transfer Bank,L,Tidak,Tidak,Tinggi,Bronze,40,6,38,424000.0,13.5,4.2,2023,2025-06-07,penjual responsif pelayanan memuaskan
CUST-1169,Medan,E-Wallet,P,Tidak,Tidak,Sedang,Silver,26,24,22,2357000.0,32.5,4.0,2022,2025-05-10,cukup baik walau kemasan kurang rapi
CUST-0839,Surabaya,E-Wallet,P,Tidak,Tidak,Sedang,Silver,39,38,32,6428000.0,59.0,3.4,2020,2024-06-08,kualitas produk standar harga wajar
CUST-0237,Surabaya,COD,P,Tidak,Tidak,Sangat Tinggi,Bronze,41,18,25,1724000.0,25.8,5.0,2022,2025-02-24,barang sesuai deskripsi pengiriman cepat
CUST-0600,Bandung,Transfer Bank,L,Tidak,Tidak,Sedang,Silver,47,7,9,2228000.0,24.2,3.5,2022,2024-06-09,kualitas produk standar harga wajar
CUST-0968,Jakarta,E-Wallet,L,Tidak,Tidak,,Bronze,34,4,56,634000.0,11.2,1.9,2024,2024-12-19,pengiriman sangat lama dan barang cacat
CUST-1449,Bandung,COD,P,Tidak,Tidak,Sangat Tinggi,Bronze,24,12,26,567000.0,28.9,4.8,2022,2024-06-06,kualitas produk bagus penjual ramah
CUST-1120,Medan,COD,P,Ya,Tidak,Sangat Rendah,Silver,35,23,1,2570000.0,39.5,3.3,2021,2025-03-25,sangat kecewa produk tidak sesuai
CUST-1278,Jakarta,E-Wallet,P,Tidak,Tidak,Tinggi,Silver,41,22,38,3363000.0,39.7,4.1,2021,2024-07-22,produk bagus harga sesuai kualitas
CUST-0209,Jakarta,Kartu Kredit,L,Tidak,Ya,Sangat Tinggi,Bronze,23,4,38,694000.0,2.9,4.9,2024,2024-09-08,kualitas produk bagus penjual ramah
CUST-1081,Jakarta,Transfer Bank,L,Tidak,Tidak,Tinggi,Gold,36,25,23,10027000.0,48.7,,2020,2024-05-29,penjual responsif pelayanan memuaskan
CUST-0760,Surabaya,E-Wallet,L,Tidak,Ya,Tinggi,Silver,38,20,21,3876000.0,15.4,4.0,2023,2025-03-27,penjual responsif pelayanan memuaskan
CUST-0355,Surabaya,Kartu Kredit,P,Tidak,Tidak,Sedang,Silver,47,21,23,3997000.0,17.1,4.0,2023,2024-10-29,barang sesuai tapi pengiriman agak lama
CUST-0059,Jakarta,E-Wallet,L,Ya,Ya,Sangat Rendah,Silver,28,22,50,4059000.0,48.7,3.3,2020,2025-04-20,pengiriman sangat lama dan barang cacat
CUST-0545,Jakarta,COD,L,Tidak,Tidak,Sangat Tinggi,Bronze,39,15,20,1549000.0,16.3,5.0,2023,2024-09-14,sangat puas belanja lagi di sini
CUST-0351,Bandung,Transfer Bank,L,Tidak,Tidak,Sangat Tinggi,Silver,35,32,16,4293000.0,46.6,4.6,2021,2025-03-19,kualitas produk bagus penjual ramah
CUST-1047,Jakarta,COD,L,Tidak,Tidak,Sedang,Bronze,41,11,10,531000.0,23.5,3.7,2023,2024-08-24,kualitas produk standar harga wajar
CUST-0974,Makassar,E-Wallet,L,Tidak,Ya,Tinggi,Silver,51,28,26,4508000.0,57.1,3.9,2020,2024-10-27,pengiriman cepat barang aman sampai
CUST-1186,Medan,Kartu Kredit,P,Ya,Tidak,Rendah,Bronze,36,14,34,1515000.0,24.8,3.8,2022,2024-09-29,produk tidak sesuai deskripsi
CUST-1213,Bandung,Transfer Bank,L,Tidak,Tidak,Sangat Tinggi,Bronze,39,36,39,1555000.0,39.9,4.2,2021,2024-12-13,barang sesuai deskripsi pengiriman cepat
CUST-1237,Jakarta,Transfer Bank,L,Tidak,Tidak,Sangat Tinggi,Bronze,33,14,25,,22.5,4.7,2023,2025-03-09,kualitas produk bagus penjual ramah
CUST-0889,Jakarta,Kartu Kredit,P,Tidak,Ya,Sedang,Silver,22,16,27,,36.9,4.1,2021,2024-08-20,barang sesuai tapi pengiriman agak lama
CUST-0480,Surabaya,Transfer Bank,P,Tidak,Tidak,Sangat Tinggi,Bronze,55,18,26,1114000.0,21.5,4.8,2023,2025-03-04,kualitas produk bagus penjual ramah
CUST-1158,Jakarta,E-Wallet,L,Tidak,Tidak,Tinggi,Silver,32,33,24,4103000.0,57.3,4.4,2020,2025-05-20,pengiriman cepat barang aman sampai
CUST-0819,Bandung,E-Wallet,P,Tidak,Tidak,Rendah,Bronze,20,1,52,104000.0,8.3,3.5,2024,2024-06-29,produk tidak sesuai deskripsi
CUST-1008,Jakarta,COD,L,Tidak,Ya,Sangat Tinggi,Bronze,37,1,35,86000.0,4.2,4.7,2024,2024-07-31,sangat puas belanja lagi di sini
CUST-0234,Bandung,Transfer Bank,L,Tidak,Tidak,Sedang,Bronze,24,12,37,1566000.0,14.3,3.8,2023,2024-12-10,barang sesuai tapi pengiriman agak lama
CUST-0462,Jakarta,E-Wallet,P,Tidak,Tidak,Rendah,Silver,30,39,16,4816000.0,44.6,3.3,2021,2025-06-08,penjual lambat membalas pesan
CUST-0197,Bandung,Transfer Bank,P,Tidak,Tidak,Sedang,Bronze,40,19,28,1118000.0,47.5,4.2,2021,2024-07-10,kualitas produk standar harga wajar
CUST-1263,Jakarta,Transfer Bank,L,Tidak,Ya,,Silver,30,18,20,5686000.0,33.3,4.2,2022,2024-06-12,kualitas produk bagus penjual ramah
CUST-0082,Surabaya,E-Wallet,L,Tidak,Tidak,Sedang,Bronze,40,5,17,934000.0,3.0,3.3,2024,2025-05-12,kualitas produk standar harga wajar
CUST-1408,Jakarta,Transfer Bank,L,Tidak,Tidak,Sangat Tinggi,Bronze,28,21,34,1705000.0,35.0,4.7,2022,2024-08-12,barang sesuai deskripsi pengiriman cepat
CUST-1019,Jakarta,E-Wallet,L,Tidak,Tidak,Tinggi,Bronze,35,10,33,1228000.0,2.6,4.6,2024,2025-01-21,pengiriman cepat barang aman sampai
CUST-1160,Medan,Transfer Bank,L,Tidak,Tidak,Tinggi,Bronze,41,7,4,634000.0,10.8,4.2,2024,2025-05-11,penjual responsif pelayanan memuaskan
CUST-0112,Jakarta,Kartu Kredit,L,Tidak,Ya,Tinggi,Silver,27,16,22,2180000.0,23.6,4.3,2023,2025-02-14,penjual responsif pelayanan memuaskan
CUST-1280,Bandung,Transfer Bank,P,Tidak,Tidak,Sedang,Silver,46,24,42,3814000.0,44.6,3.9,2021,2024-10-13,cukup baik walau kemasan kurang rapi
CUST-1171,Surabaya,E-Wallet,P,Tidak,Ya,Rendah,Silver,20,24,6,4546000.0,30.7,3.3,2022,2024-09-20,produk tidak sesuai deskripsi
CUST-0989,Surabaya,Transfer Bank,P,Tidak,Tidak,Sedang,Bronze,17,2,24,82000.0,1.3,3.6,2024,2024-09-22,kualitas produk standar harga wajar
CUST-0539,Jakarta,E-Wallet,L,Tidak,Ya,Sangat Tinggi,Bronze,32,8,28,1182000.0,30.8,4.3,2022,2025-05-10,kualitas produk bagus penjual ramah
CUST-1269,Surabaya,Kartu Kredit,P,Tidak,Tidak,Rendah,Silver,54,24,49,2955000.0,54.9,3.6,2020,2025-06-13,penjual lambat membalas pesan
CUST-0971,Jakarta,E-Wallet,P,Tidak,Tidak,Tinggi,Silver,23,30,6,4469000.0,46.6,3.6,2021,2025-06-21,produk bagus harga sesuai kualitas
CUST-0597,Bandung,Transfer Bank,P,Tidak,Tidak,Sangat Tinggi,Bronze,39,7,15,911000.0,15.4,4.8,2023,2024-09-29,kualitas produk bagus penjual ramah
CUST-0800,Bandung,Kartu Kredit,L,Tidak,Ya,Sedang,Silver,28,10,36,2097000.0,10.3,4.2,2024,2025-06-22,cukup baik walau kemasan kurang rapi
CUST-1350,jakarta ,E-Wallet,P,Tidak,Tidak,Sangat Tinggi,Bronze,20,8,25,1720000.0,8.7,5.0,2024,2025-06-14,sangat puas belanja lagi di sini
CUST-1429,Medan,E-Wallet,L,Tidak,Ya,Sedang,Bronze,39,13,24,1241000.0,36.4,3.9,2021,2025-01-20,kualitas produk standar harga wajar
CUST-1151,Jakarta,COD,L,Tidak,Ya,Tinggi,Silver,23,22,14,2628000.0,34.0,4.3,2022,2025-05-28,pengiriman cepat barang aman sampai
CUST-1101,Jakarta,E-Wallet,L,Tidak,Tidak,Tinggi,Bronze,46,10,1,797000.0,21.0,3.9,2023,2024-08-02,penjual responsif pelayanan memuaskan
CUST-0343,Medan,Transfer Bank,L,Tidak,Tidak,Rendah,Silver,56,27,14,6676000.0,53.0,3.3,2020,2024-09-13,produk tidak sesuai deskripsi
CUST-1491,jakarta ,Kartu Kredit,P,Tidak,Ya,Tinggi,Gold,35,40,27,8445000.0,56.9,4.4,2020,2025-01-17,penjual responsif pelayanan memuaskan
CUST-1032,Bandung,E-Wallet,L,Tidak,Tidak,Sedang,Bronze,25,1,26,214000.0,14.5,,2023,2025-06-18,barang sesuai tapi pengiriman agak lama
CUST-1048,Medan,Transfer Bank,L,Tidak,Ya,Sedang,Bronze,23,16,1,1643000.0,20.2,3.6,2023,2024-08-02,kualitas produk standar harga wajar
CUST-0553,Jakarta,E-Wallet,L,Tidak,Tidak,Sedang,Silver,17,24,20,6826000.0,50.6,3.6,2020,2024-08-27,kualitas produk standar harga wajar
CUST-1084,Medan,Transfer Bank,L,Tidak,Tidak,Sedang,Bronze,25,1,22,227000.0,13.3,4.0,2023,2024-11-01,cukup baik walau kemasan kurang rapi
CUST-0507,Jakarta,E-Wallet,P,Tidak,Ya,Tinggi,Bronze,57,37,43,1800000.0,56.6,,2020,2025-02-01,penjual responsif pelayanan memuaskan
CUST-0428,Medan,Kartu Kredit,P,Tidak,Tidak,Sangat Tinggi,Bronze,38,2,24,70000.0,24.3,4.6,2022,2024-09-24,kualitas produk bagus penjual ramah
CUST-1486,Jakarta,Transfer Bank,L,Tidak,Ya,Sangat Rendah,Silver,35,30,62,5889000.0,47.6,1.5,2021,2025-04-28,barang rusak penjual tidak merespons
CUST-0544,Makassar,COD,L,Tidak,Tidak,Sangat Tinggi,Bronze,22,16,30,1836000.0,31.6,4.7,2022,2024-12-15,barang sesuai deskripsi pengiriman cepat
CUST-1053,Jakarta,E-Wallet,P,Tidak,Ya,Sangat Tinggi,Silver,34,10,29,2753000.0,22.8,4.7,2023,2025-05-10,barang sesuai deskripsi pengiriman cepat
CUST-1177,Surabaya,E-Wallet,P,Tidak,Tidak,Tinggi,Bronze,39,16,44,667000.0,7.8,4.4,2024,2025-01-18,penjual responsif pelayanan memuaskan
CUST-1133,Jakarta,COD,L,Tidak,Tidak,Sangat Tinggi,Bronze,27,9,28,994000.0,8.7,5.0,2024,2025-06-02,sangat puas belanja lagi di sini
CUST-0255,Jakarta,E-Wallet,L,Tidak,Ya,Tinggi,Silver,42,33,52,2732000.0,54.8,3.7,2020,2024-10-06,produk bagus harga sesuai kualitas
CUST-1098,Medan,E-Wallet,P,Tidak,Tidak,Tinggi,Bronze,29,7,33,788000.0,20.8,4.7,2023,2024-08-21,pengiriman cepat barang aman sampai
CUST-1251,Jakarta,Transfer Bank,L,Ya,Tidak,Tinggi,Silver,41,13,21,2590000.0,32.6,5.0,2022,2024-10-20,pengiriman cepat barang aman sampai
CUST-0561,Jakarta,COD,P,Tidak,Ya,Sedang,Silver,31,19,36,3224000.0,27.7,3.9,2022,2024-06-27,barang sesuai tapi pengiriman agak lama
CUST-0673,Makassar,E-Wallet,L,Tidak,Tidak,Rendah,Bronze,35,17,8,931000.0,31.1,3.4,2022,2024-07-05,penjual lambat membalas pesan
CUST-0847,Surabaya,Kartu Kredit,P,Tidak,Tidak,Sangat Tinggi,Bronze,70,16,26,1971000.0,14.1,5.0,2023,2025-04-04,sangat puas belanja lagi di sini
CUST-1493,Bandung,E-Wallet,P,Tidak,Tidak,Sangat Tinggi,Bronze,18,24,21,1964000.0,46.0,4.9,2021,2025-02-12,kualitas produk bagus penjual ramah
CUST-0333,Bandung,E-Wallet,L,Tidak,Tidak,Tinggi,Bronze,28,25,1,1542000.0,31.0,3.9,2022,2024-06-10,produk bagus harga sesuai kualitas
CUST-0087,Bandung,E-Wallet,L,Tidak,Ya,Tinggi,Bronze,23,25,25,1119000.0,30.0,3.7,2022,2024-07-23,pengiriman cepat barang aman sampai
CUST-1425,Surabaya,Transfer Bank,P,Tidak,Ya,,Silver,38,28,6,4841000.0,45.2,2.7,2021,2024-12-31,penjual lambat membalas pesan
CUST-0266,Jakarta,Transfer Bank,L,Tidak,Ya,Tinggi,Silver,41,34,19,3090000.0,50.5,4.8,2020,2024-08-06,penjual responsif pelayanan memuaskan
CUST-0288,Surabaya,Kartu Kredit,L,Tidak,Ya,Tinggi,Silver,37,37,7,2790000.0,58.1,4.1,2020,2024-09-06,produk bagus harga sesuai kualitas
CUST-1487,Makassar,Transfer Bank,P,Ya,Tidak,Rendah,Silver,23,14,14,,16.6,3.6,2023,2024-09-16,penjual lambat membalas pesan
CUST-1271,Makassar,Transfer Bank,P,Tidak,Tidak,Sangat Rendah,Bronze,42,35,3,1234000.0,51.7,3.1,2020,2024-09-15,barang rusak penjual tidak merespons
CUST-1134,Bandung,E-Wallet,P,Ya,Tidak,Rendah,Bronze,17,7,5,1380000.0,25.9,4.4,2022,2024-06-25,produk tidak sesuai deskripsi
CUST-0536,Jakarta,Kartu Kredit,P,Tidak,Tidak,Rendah,Silver,46,10,9,3269000.0,11.1,3.4,2024,2025-05-14,penjual lambat membalas pesan
CUST-0412,Bandung,Transfer Bank,L,Tidak,Ya,Sangat Tinggi,Bronze,37,24,22,1275000.0,45.8,5.0,2021,2024-07-13,barang sesuai deskripsi pengiriman cepat
CUST-1035,Surabaya,COD,L,Tidak,Tidak,Sedang,Bronze,33,1,39,114000.0,10.8,3.8,2024,2024-07-22,cukup baik walau kemasan kurang rapi
CUST-0222,Surabaya,Transfer Bank,P,Tidak,Ya,Sangat Tinggi,Bronze,25,25,21,1299000.0,13.7,4.9,2023,2025-05-02,kualitas produk bagus penjual ramah
CUST-0114,Bandung,E-Wallet,P,Tidak,Tidak,Sangat Tinggi,Silver,42,31,19,2732000.0,57.2,5.0,2020,2024-09-03,kualitas produk bagus penjual ramah
CUST-0576,Surabaya,E-Wallet,L,Tidak,Ya,Rendah,Silver,31,21,1,2030000.0,37.9,3.2,2021,2024-06-18,produk tidak sesuai deskripsi
CUST-1246,Jakarta,Kartu Kredit,L,Ya,Tidak,Rendah,Silver,49,38,13,6260000.0,59.2,3.9,2020,2025-06-22,penjual lambat membalas pesan
CUST-0175,Jakarta,Kartu Kredit,P,Tidak,Tidak,Sangat Tinggi,Bronze,30,13,20,970000.0,26.1,4.4,2022,2025-02-27,sangat puas belanja lagi di sini
CUST-1166,Medan,Kartu Kredit,L,Tidak,Tidak,Sangat Tinggi,Bronze,45,13,27,631000.0,25.6,,2022,2025-06-25,kualitas produk bagus penjual ramah
CUST-0859,Surabaya,COD,P,Tidak,Ya,Sangat Tinggi,Silver,44,7,30,3949000.0,13.7,,2023,2025-03-22,barang sesuai deskripsi pengiriman cepat
CUST-1180,Jakarta,E-Wallet,P,Tidak,Tidak,Sangat Tinggi,Bronze,44,9,32,869000.0,20.2,5.0,2023,2024-11-05,kualitas produk bagus penjual ramah
CUST-1389,Makassar,Transfer Bank,P,Tidak,Tidak,Tinggi,Bronze,43,8,20,197000.0,3.0,4.5,2024,2024-11-19,pengiriman cepat barang aman sampai
CUST-0988,Jakarta,Kartu Kredit,L,Tidak,Tidak,Sangat Tinggi,Bronze,39,5,15,844000.0,4.2,4.7,2024,2025-05-10,kualitas produk bagus penjual ramah
CUST-0286,Surabaya,Kartu Kredit,P,Tidak,Tidak,Tinggi,Silver,47,20,24,5101000.0,34.1,4.1,2022,2025-01-24,pengiriman cepat barang aman sampai
CUST-1433,Jakarta,E-Wallet,P,Tidak,Tidak,Tinggi,Silver,17,26,18,3394000.0,43.2,3.9,2021,2024-10-03,produk bagus harga sesuai kualitas
CUST-0619,Jakarta,Transfer Bank,L,Ya,Tidak,Rendah,Bronze,19,4,8,318000.0,15.4,4.3,2023,2025-06-29,penjual lambat membalas pesan
CUST-1200,Bandung,Kartu Kredit,L,Ya,Tidak,Sangat Rendah,Bronze,34,28,8,1855000.0,41.9,3.6,2021,2025-05-20,sangat kecewa produk tidak sesuai
CUST-0032,Makassar,Transfer Bank,L,Tidak,Ya,Sangat Tinggi,Bronze,24,22,10,1875000.0,27.9,4.7,2022,2024-12-25,sangat puas belanja lagi di sini
CUST-0555,Jakarta,E-Wallet,L,Tidak,Tidak,Rendah,Bronze,17,5,34,1378000.0,10.4,4.1,2024,2024-08-12,produk tidak sesuai deskripsi
CUST-0211,Bandung,Kartu Kredit,L,Tidak,Ya,Sedang,Bronze,42,10,35,575000.0,2.9,3.1,2024,2025-03-29,cukup baik walau kemasan kurang rapi
CUST-0975,Jakarta,E-Wallet,L,Tidak,Tidak,,Silver,17,21,17,3931000.0,34.1,4.4,2022,2024-10-29,pengiriman cepat barang aman sampai
CUST-0618,Surabaya,Transfer Bank,L,Tidak,Ya,Sangat Tinggi,Silver,26,33,35,3010000.0,51.2,4.7,2020,2024-08-25,kualitas produk bagus penjual ramah
CUST-0814,Bandung,Transfer Bank,L,Tidak,Ya,Sangat Tinggi,Bronze,40,9,35,1807000.0,7.2,4.5,2024,2025-02-17,kualitas produk bagus penjual ramah
CUST-0421,Bandung,E-Wallet,P,Tidak,Tidak,Sangat Tinggi,Bronze,24,6,18,,21.1,4.5,2023,2024-07-26,barang sesuai deskripsi pengiriman cepat
CUST-0938,Jakarta,E-Wallet,P,Tidak,Tidak,Sedang,Silver,41,16,21,3248000.0,34.2,4.1,2022,2024-08-24,cukup baik walau kemasan kurang rapi
CUST-1226,Makassar,Kartu Kredit,P,Tidak,Tidak,Sedang,Bronze,55,9,47,1662000.0,7.2,3.6,2024,2024-11-13,cukup baik walau kemasan kurang rapi
CUST-1485,Bandung,Transfer Bank,P,Tidak,Tidak,Sedang,Bronze,40,8,17,726000.0,18.3,3.9,2023,2024-08-13,barang sesuai tapi pengiriman agak lama
CUST-0189,Bandung,E-Wallet,L,Tidak,Tidak,,Bronze,32,20,6,1104000.0,37.7,3.9,2021,2024-06-24,kualitas produk standar harga wajar
CUST-0611,Surabaya,E-Wallet,P,Tidak,Ya,Sangat Tinggi,Silver,42,15,26,5214000.0,43.2,4.7,2021,2025-05-16,sangat puas belanja lagi di sini
CUST-0942,Medan,Transfer Bank,L,Tidak,Tidak,Sangat Tinggi,Bronze,17,20,42,1263000.0,30.2,4.5,2022,2024-09-23,kualitas produk bagus penjual ramah
CUST-1406,Jakarta,E-Wallet,P,Tidak,Tidak,Sedang,Bronze,22,1,4,404000.0,1.8,3.7,2024,2024-08-11,cukup baik walau kemasan kurang rapi
CUST-0463,Makassar,E-Wallet,L,Tidak,Tidak,Sangat Tinggi,Bronze,20,18,12,982000.0,43.2,,2021,2024-11-06,kualitas produk bagus penjual ramah
CUST-0430,Medan,E-Wallet,P,Tidak,Tidak,Sangat Tinggi,Bronze,31,1,21,97000.0,9.1,5.0,2024,2024-08-16,barang sesuai deskripsi pengiriman cepat
CUST-0907,Surabaya,E-Wallet,P,Tidak,Tidak,Sangat Tinggi,Bronze,48,21,9,1531000.0,45.0,4.4,2021,2025-06-01,sangat puas belanja lagi di sini
CUST-0084,Jakarta,Transfer Bank,P,Tidak,Tidak,Rendah,Bronze,36,1,38,128000.0,5.9,3.1,2024,2024-05-30,pengiriman lama kemasan rusak
CUST-1405,Jakarta,E-Wallet,L,Tidak,Ya,Sangat Tinggi,Silver,38,18,20,2683000.0,33.0,4.7,2022,2024-11-03,barang sesuai deskripsi pengiriman cepat
CUST-0049,Bandung,E-Wallet,P,Tidak,Tidak,Sangat Tinggi,Bronze,37,16,36,883000.0,16.7,4.3,2023,2025-02-14,kualitas produk bagus penjual ramah
CUST-1119,Jakarta,Kartu Kredit,L,Tidak,Tidak,Rendah,Bronze,48,7,8,1233000.0,14.6,3.5,2023,2024-08-09,produk tidak sesuai deskripsi
CUST-0156,Bandung,E-Wallet,L,Tidak,Ya,Sangat Tinggi,Bronze,38,5,27,619000.0,6.7,4.5,2024,2024-08-19,sangat puas belanja lagi di sini
CUST-0533,Surabaya,E-Wallet,L,Ya,Tidak,Sedang,Silver,38,26,30,2990000.0,42.6,4.3,2021,2024-12-19,kualitas produk standar harga wajar
CUST-1145,Surabaya,Transfer Bank,L,Tidak,Tidak,Tinggi,Bronze,25,30,33,1303000.0,51.3,,2020,2024-08-01,pengiriman cepat barang aman sampai
CUST-1252,JAKARTA,Kartu Kredit,L,Tidak,Tidak,Sedang,Bronze,37,18,48,1620000.0,31.3,3.5,2022,2024-07-25,cukup baik walau kemasan kurang rapi
CUST-1349,Surabaya,Kartu Kredit,P,Tidak,Tidak,Sedang,Bronze,58,12,27,528000.0,16.6,4.0,2023,2025-06-01,cukup baik walau kemasan kurang rapi
CUST-0812,Jakarta,Transfer Bank,L,Tidak,Tidak,Tinggi,Bronze,26,17,31,518000.0,17.9,4.1,2023,2024-07-21,penjual responsif pelayanan memuaskan
CUST-1233,Jakarta,E-Wallet,P,Tidak,Ya,Tinggi,Bronze,43,19,21,943000.0,12.6,4.6,2023,2025-06-28,penjual responsif pelayanan memuaskan
CUST-1484,Jakarta,E-Wallet,L,Tidak,Tidak,,Silver,32,28,35,2451000.0,46.4,3.9,2021,2024-07-17,kualitas produk standar harga wajar
CUST-1401,Surabaya,E-Wallet,P,Tidak,Tidak,Sedang,Silver,29,25,38,2198000.0,32.7,4.1,2022,2024-07-15,barang sesuai tapi pengiriman agak lama
CUST-0180,Bandung,E-Wallet,P,Tidak,Tidak,Sangat Tinggi,Bronze,41,9,19,936000.0,26.4,4.3,2022,2025-01-02,kualitas produk bagus penjual ramah
CUST-0980,Jakarta,COD,P,Tidak,Ya,Tinggi,Silver,49,27,30,3531000.0,42.6,4.5,2021,2024-12-03,pengiriman cepat barang aman sampai
CUST-1250,Makassar,Transfer Bank,P,Tidak,Ya,Sangat Tinggi,Bronze,31,13,14,,36.5,4.2,2021,2024-06-09,sangat puas belanja lagi di sini
CUST-0870,Jakarta,E-Wallet,L,Tidak,Tidak,Sedang,Bronze,32,18,41,,34.2,3.5,2022,2024-09-09,barang sesuai tapi pengiriman agak lama
CUST-1374,Medan,Transfer Bank,L,Tidak,Ya,Sangat Tinggi,Silver,56,25,20,2351000.0,49.5,5.0,2020,2024-05-31,sangat puas belanja lagi di sini
CUST-0821,Jakarta,Transfer Bank,P,Tidak,Ya,Sangat Tinggi,Silver,53,25,18,3403000.0,39.8,4.4,2021,2024-08-01,kualitas produk bagus penjual ramah
CUST-0364,Jakarta,E-Wallet,P,Tidak,Ya,Tinggi,Bronze,46,3,41,335000.0,8.6,3.9,2024,2024-07-10,produk bagus harga sesuai kualitas
CUST-1404,Jakarta,COD,L,Tidak,Ya,Sangat Tinggi,Silver,17,25,23,4391000.0,31.4,5.0,2022,2025-03-10,sangat puas belanja lagi di sini
CUST-1202,Surabaya,E-Wallet,P,Tidak,Tidak,Sangat Tinggi,Bronze,25,1,25,,21.3,4.9,2023,2024-09-27,barang sesuai deskripsi pengiriman cepat
CUST-0347,Makassar,E-Wallet,P,Tidak,Ya,Sangat Tinggi,Silver,21,36,26,6144000.0,57.3,5.0,2020,2024-08-19,kualitas produk bagus penjual ramah
CUST-1418,Surabaya,Kartu Kredit,L,Tidak,Tidak,Sangat Tinggi,Silver,28,31,35,5554000.0,52.8,5.0,2020,2025-01-20,sangat puas belanja lagi di sini
CUST-0789,Medan,Transfer Bank,L,Tidak,Ya,Tinggi,Silver,35,32,34,3335000.0,45.7,4.4,2021,2025-01-13,pengiriman cepat barang aman sampai
CUST-0662,Medan,Transfer Bank,P,Tidak,Tidak,Tinggi,Bronze,48,39,12,,53.1,4.3,2020,2025-04-08,penjual responsif pelayanan memuaskan
CUST-0965,Makassar,Transfer Bank,L,Ya,Tidak,Sangat Rendah,Bronze,50,6,38,203000.0,6.7,3.7,2024,2024-08-16,sangat kecewa produk tidak sesuai
CUST-1395,Medan,COD,L,Ya,Ya,Rendah,Silver,31,25,13,2244000.0,51.5,4.1,2020,2025-01-28,penjual lambat membalas pesan
CUST-0572,Medan,E-Wallet,L,Tidak,Tidak,Sedang,Bronze,29,14,39,1589000.0,32.4,4.2,2022,2025-04-25,barang sesuai tapi pengiriman agak lama
CUST-1118,Medan,Kartu Kredit,P,Tidak,Tidak,Sangat Tinggi,Bronze,30,19,24,1617000.0,41.7,5.0,2021,2024-09-19,sangat puas belanja lagi di sini
CUST-0244,Surabaya,COD,L,Tidak,Ya,Sedang,Silver,37,24,18,2574000.0,47.7,3.4,2021,2024-12-15,barang sesuai tapi pengiriman agak lama
CUST-0809,Surabaya,E-Wallet,P,Tidak,Tidak,Sangat Rendah,Bronze,27,10,2,1485000.0,26.0,3.3,2022,2025-04-25,pengiriman sangat lama dan barang cacat
CUST-1099,Medan,COD,P,Tidak,Tidak,Sangat Tinggi,Bronze,25,3,16,376000.0,14.9,4.4,2023,2024-07-04,barang sesuai deskripsi pengiriman cepat
CUST-1075,Medan,E-Wallet,L,Tidak,Ya,,Silver,30,34,49,2211000.0,48.0,3.1,2021,2025-04-09,produk tidak sesuai deskripsi
CUST-1067,Surabaya,Transfer Bank,L,Tidak,Tidak,Sedang,Silver,41,23,44,2998000.0,43.5,3.1,2021,2024-10-25,cukup baik walau kemasan kurang rapi
CUST-0414,Makassar,E-Wallet,L,Tidak,Tidak,Sangat Tinggi,Bronze,23,35,12,1724000.0,56.9,4.7,2020,2025-05-12,sangat puas belanja lagi di sini
CUST-1424,Surabaya,E-Wallet,L,Tidak,Ya,Rendah,Silver,54,14,44,2146000.0,30.3,3.5,2022,2024-10-07,produk tidak sesuai deskripsi
CUST-1150,Makassar,Kartu Kredit,L,Tidak,Tidak,Tinggi,Silver,17,24,27,,36.5,4.0,2021,2024-07-21,penjual responsif pelayanan memuaskan
CUST-0309,Jakarta,E-Wallet,P,Tidak,Ya,Sangat Tinggi,Silver,45,14,31,2473000.0,21.6,4.8,2023,2024-06-15,kualitas produk bagus penjual ramah
CUST-0887,Surabaya,COD,P,Tidak,Tidak,Tinggi,Bronze,30,5,33,1242000.0,26.1,4.0,2022,2024-07-04,produk bagus harga sesuai kualitas
CUST-0399,Surabaya,Transfer Bank,P,Tidak,Ya,Sangat Tinggi,Silver,39,15,26,3328000.0,33.9,5.0,2022,2024-11-06,sangat puas belanja lagi di sini
CUST-0371,Medan,E-Wallet,P,Tidak,Ya,Sangat Tinggi,Bronze,43,21,32,1264000.0,53.0,4.4,2020,2024-05-27,sangat puas belanja lagi di sini
CUST-0055,Bandung,Transfer Bank,P,Tidak,Tidak,Sedang,Bronze,35,5,20,391000.0,2.6,3.4,2024,2025-06-05,barang sesuai tapi pengiriman agak lama
CUST-1315,Jakarta,Transfer Bank,L,Tidak,Ya,Tinggi,Silver,17,18,24,5245000.0,19.4,3.7,2023,2024-09-07,pengiriman cepat barang aman sampai
CUST-1100,Jakarta,COD,P,Tidak,Tidak,Sedang,Bronze,22,4,32,692000.0,1.6,3.9,2024,2025-01-29,cukup baik walau kemasan kurang rapi
CUST-0313,Jakarta,Kartu Kredit,P,Tidak,Ya,Sangat Tinggi,Silver,33,22,26,2947000.0,57.2,4.4,2020,2024-06-13,kualitas produk bagus penjual ramah
CUST-0927,Jakarta,Transfer Bank,P,Tidak,Ya,Sangat Tinggi,Bronze,20,4,41,1014000.0,16.4,4.6,2023,2025-06-08,kualitas produk bagus penjual ramah
CUST-0110,Makassar,E-Wallet,P,Tidak,Ya,Sangat Tinggi,Bronze,23,21,22,1024000.0,36.4,4.9,2021,2025-02-24,barang sesuai deskripsi pengiriman cepat
CUST-1088,Medan,Transfer Bank,P,Tidak,Tidak,Tinggi,Bronze,34,7,34,1242000.0,17.0,3.7,2023,2024-08-10,penjual responsif pelayanan memuaskan
CUST-0712,Bandung,E-Wallet,P,Tidak,Ya,Sangat Tinggi,Silver,51,34,21,3374000.0,51.5,5.0,2020,2024-07-16,kualitas produk bagus penjual ramah
CUST-0101,Makassar,COD,P,Tidak,Ya,Tinggi,Bronze,17,11,25,935000.0,33.6,4.1,2022,2024-12-09,penjual responsif pelayanan memuaskan
CUST-0452,Medan,Transfer Bank,P,Tidak,Tidak,Sangat Tinggi,Bronze,39,13,20,418000.0,17.8,4.7,2023,2024-05-27,barang sesuai deskripsi pengiriman cepat
CUST-1297,Jakarta,E-Wallet,L,Tidak,Tidak,Sangat Tinggi,Bronze,32,20,35,1508000.0,41.5,4.7,2021,2025-06-21,kualitas produk bagus penjual ramah
CUST-1379,Bandung,E-Wallet,P,Tidak,Tidak,Sangat Tinggi,Bronze,55,12,23,1593000.0,26.1,5.0,2022,2024-12-14,barang sesuai deskripsi pengiriman cepat
CUST-0267,Jakarta,COD,L,Tidak,Tidak,Sangat Tinggi,Bronze,43,8,15,940000.0,5.4,5.0,2024,2024-10-11,kualitas produk bagus penjual ramah
CUST-0683,Jakarta,Kartu Kredit,L,Ya,Ya,Sedang,Silver,57,13,19,4907000.0,36.0,4.6,2022,2024-10-23,barang sesuai tapi pengiriman agak lama
CUST-0297,Makassar,E-Wallet,P,Tidak,Tidak,Sangat Rendah,Silver,17,24,9,3516000.0,48.5,2.8,2020,2025-06-21,sangat kecewa produk tidak sesuai
CUST-0577,Makassar,COD,P,Tidak,Ya,Sangat Tinggi,Silver,34,12,33,4856000.0,27.2,4.8,2022,2024-12-19,sangat puas belanja lagi di sini
CUST-0950,Jakarta,E-Wallet,L,Tidak,Ya,Sangat Tinggi,Silver,34,30,17,6803000.0,53.5,4.9,2020,2025-05-30,barang sesuai deskripsi pengiriman cepat
CUST-1428,Jakarta,E-Wallet,L,Tidak,Tidak,Sangat Tinggi,Bronze,37,1,15,128000.0,10.5,4.5,2024,2024-08-28,barang sesuai deskripsi pengiriman cepat
CUST-1440,Makassar,Transfer Bank,L,Tidak,Tidak,Tinggi,Silver,45,35,29,,55.1,4.0,2020,2025-04-04,produk bagus harga sesuai kualitas
CUST-0378,Surabaya,E-Wallet,P,Tidak,Tidak,Sedang,Bronze,43,23,13,1288000.0,52.7,3.4,2020,2025-06-27,cukup baik walau kemasan kurang rapi
CUST-0287,Jakarta,E-Wallet,P,Tidak,Ya,Sangat Tinggi,Bronze,23,9,24,1579000.0,30.8,5.0,2022,2025-02-09,barang sesuai deskripsi pengiriman cepat
CUST-1442,Jakarta,Transfer Bank,L,Tidak,Ya,Sangat Tinggi,Silver,40,27,34,3363000.0,49.3,4.1,2020,2024-11-12,sangat puas belanja lagi di sini
CUST-1006,Surabaya,Transfer Bank,L,Tidak,Tidak,Rendah,Bronze,17,19,4,1709000.0,27.8,3.4,2022,2025-02-28,produk tidak sesuai deskripsi
CUST-0127,Jakarta,E-Wallet,P,Tidak,Tidak,Sangat Tinggi,Bronze,54,6,31,786000.0,15.5,,2023,2024-12-25,kualitas produk bagus penjual ramah
CUST-0328,Surabaya,E-Wallet,P,Tidak,Tidak,Sedang,Bronze,26,12,11,513000.0,35.2,4.0,2022,2024-06-30,kualitas produk standar harga wajar
CUST-0293,Makassar,Transfer Bank,P,Tidak,Tidak,Sangat Tinggi,Bronze,50,24,24,1049000.0,54.6,5.0,2020,2025-03-05,kualitas produk bagus penjual ramah
CUST-0552,Jakarta,Transfer Bank,P,Tidak,Tidak,Tinggi,Bronze,43,7,7,1449000.0,15.2,4.3,2023,2025-06-08,pengiriman cepat barang aman sampai
CUST-1302,Bandung,E-Wallet,P,Tidak,Ya,Rendah,Silver,47,21,37,3424000.0,39.9,3.4,2021,2024-08-13,produk tidak sesuai deskripsi
CUST-1199,Jakarta,E-Wallet,L,Tidak,Tidak,Sangat Tinggi,Silver,37,20,30,4109000.0,42.6,4.1,2021,2024-06-30,kualitas produk bagus penjual ramah
CUST-0356,Surabaya,COD,L,Tidak,Ya,Sangat Tinggi,Bronze,27,18,36,1152000.0,30.5,4.9,2022,2025-01-15,kualitas produk bagus penjual ramah
CUST-0171,JAKARTA,E-Wallet,P,Tidak,Ya,Sangat Tinggi,Gold,54,34,21,9394000.0,58.9,5.0,2020,2024-12-06,kualitas produk bagus penjual ramah
CUST-0848,Bandung,Kartu Kredit,P,Tidak,Ya,Sangat Tinggi,Bronze,25,8,20,713000.0,25.6,4.7,2022,2024-09-16,sangat puas belanja lagi di sini
CUST-0742,Jakarta,Transfer Bank,L,Tidak,Ya,Sangat Tinggi,Bronze,36,9,19,843000.0,22.4,5.0,2023,2025-05-16,kualitas produk bagus penjual ramah
CUST-0627,Medan,E-Wallet,P,Tidak,Tidak,Sangat Tinggi,Bronze,60,24,30,1071000.0,38.9,4.8,2021,2025-02-13,barang sesuai deskripsi pengiriman cepat
CUST-0210,Surabaya,Transfer Bank,L,Tidak,Tidak,Tinggi,Silver,40,25,30,5394000.0,50.9,4.2,2020,2025-05-15,pengiriman cepat barang aman sampai
CUST-1050,Jakarta,Transfer Bank,P,Tidak,Tidak,Sangat Rendah,Silver,19,11,50,2130000.0,18.2,2.8,2023,2024-11-23,sangat kecewa produk tidak sesuai
CUST-0523,Jakarta,Transfer Bank,L,Tidak,Tidak,Sedang,Bronze,44,9,22,757000.0,3.6,3.7,2024,2025-03-31,barang sesuai tapi pengiriman agak lama
CUST-0141,Surabaya,Kartu Kredit,L,Tidak,Tidak,Sedang,Bronze,29,9,5,411000.0,12.2,3.6,2023,2025-02-26,cukup baik walau kemasan kurang rapi
CUST-1086,Bandung,E-Wallet,P,Tidak,Ya,Sangat Tinggi,Bronze,24,22,20,,45.6,5.0,2021,2024-09-24,kualitas produk bagus penjual ramah
CUST-1423,Surabaya,Transfer Bank,P,Tidak,Tidak,Sedang,Silver,47,18,4,4005000.0,17.7,3.6,2023,2025-03-10,barang sesuai tapi pengiriman agak lama
CUST-0655,Medan,E-Wallet,L,Ya,Tidak,Sangat Rendah,Bronze,56,26,33,1030000.0,31.7,3.0,2022,2024-09-25,pengiriman sangat lama dan barang cacat
CUST-1192,Surabaya,E-Wallet,P,Tidak,Ya,Sangat Tinggi,Silver,55,8,33,2054000.0,17.0,4.6,2023,2025-02-01,barang sesuai deskripsi pengiriman cepat
CUST-1351,Medan,E-Wallet,L,Tidak,Ya,Tinggi,Bronze,30,1,14,58000.0,3.2,4.3,2024,2024-10-03,penjual responsif pelayanan memuaskan
CUST-1277,Jakarta,E-Wallet,L,Tidak,Tidak,Sedang,Bronze,46,9,50,1142000.0,24.2,3.4,2022,2024-12-26,cukup baik walau kemasan kurang rapi
CUST-0528,Makassar,E-Wallet,L,Tidak,Tidak,Rendah,Bronze,51,1,34,83000.0,2.6,3.2,2024,2025-02-02,pengiriman lama kemasan rusak
CUST-0200,Jakarta,Kartu Kredit,P,Tidak,Ya,Rendah,Gold,18,38,9,,59.4,3.4,2020,2024-06-27,produk tidak sesuai deskripsi
CUST-0908,Jakarta,Transfer Bank,P,Tidak,Tidak,Sangat Rendah,Bronze,21,22,46,972000.0,48.7,2.2,2020,2025-03-31,pengiriman sangat lama dan barang cacat
CUST-1439,Makassar,Transfer Bank,L,Tidak,Tidak,Tinggi,Bronze,25,4,30,646000.0,14.2,4.2,2023,2024-07-13,produk bagus harga sesuai kualitas
CUST-0713,Medan,Kartu Kredit,P,Tidak,Ya,Sangat Tinggi,Bronze,29,16,27,1191000.0,19.4,4.9,2023,2025-04-27,barang sesuai deskripsi pengiriman cepat
CUST-0495,Medan,E-Wallet,L,Tidak,Tidak,Sangat Tinggi,Bronze,37,30,26,1437000.0,51.0,4.9,2020,2024-07-04,sangat puas belanja lagi di sini
CUST-1455,Surabaya,E-Wallet,P,Tidak,Tidak,Sangat Tinggi,Silver,34,32,25,5192000.0,57.4,4.7,2020,2025-06-05,barang sesuai deskripsi pengiriman cepat
CUST-0011,Surabaya,Transfer Bank,L,Tidak,Tidak,Sedang,Silver,22,33,8,2024000.0,45.8,3.0,2021,2025-01-12,cukup baik walau kemasan kurang rapi
CUST-0148,Surabaya,Kartu Kredit,P,Tidak,Tidak,Tinggi,Bronze,46,17,41,1861000.0,20.3,4.7,2023,2025-04-19,produk bagus harga sesuai kualitas
CUST-1375,Makassar,Transfer Bank,P,Tidak,Ya,Sangat Tinggi,Silver,41,22,36,2030000.0,33.4,4.9,2022,2025-03-22,sangat puas belanja lagi di sini
CUST-0283,Jakarta,Transfer Bank,L,Tidak,Tidak,Sangat Tinggi,Bronze,33,7,25,1725000.0,24.0,4.7,2023,2024-12-14,sangat puas belanja lagi di sini
CUST-0299,Medan,E-Wallet,L,Tidak,Ya,Sangat Tinggi,Bronze,31,7,18,582000.0,17.5,4.2,2023,2024-08-21,sangat puas belanja lagi di sini
CUST-1497,Medan,E-Wallet,L,Tidak,Tidak,Sedang,Bronze,31,22,24,1507000.0,20.6,4.2,2023,2024-12-27,kualitas produk standar harga wajar
CUST-0292,Jakarta,E-Wallet,P,Ya,Ya,Sedang,Silver,46,30,9,5432000.0,55.8,4.5,2020,2025-02-11,cukup baik walau kemasan kurang rapi
CUST-0568,Jakarta,COD,P,Tidak,Ya,Tinggi,Silver,43,17,26,2694000.0,30.6,4.3,2022,2025-02-09,produk bagus harga sesuai kualitas
CUST-0602,Medan,Transfer Bank,L,Tidak,Tidak,Sedang,Bronze,34,1,20,88000.0,7.7,4.0,2024,2024-06-28,kualitas produk standar harga wajar
CUST-1220,Jakarta,E-Wallet,P,Tidak,Tidak,Sangat Tinggi,Bronze,25,7,28,633000.0,12.5,5.0,2023,2024-10-16,sangat puas belanja lagi di sini
CUST-0893,Jakarta,E-Wallet,P,Tidak,Ya,Tinggi,Bronze,43,3,26,365000.0,4.8,3.8,2024,2025-01-12,pengiriman cepat barang aman sampai
CUST-0902,Jakarta,Kartu Kredit,P,Tidak,Tidak,Rendah,Bronze,54,12,12,617000.0,32.1,4.0,2022,2024-12-09,produk tidak sesuai deskripsi
CUST-0130,Bandung,E-Wallet,P,Tidak,Tidak,Sangat Tinggi,Bronze,26,4,25,257000.0,7.9,5.0,2024,2024-10-03,sangat puas belanja lagi di sini
CUST-0583,Jakarta,Kartu Kredit,L,Tidak,Tidak,Tinggi,Silver,32,29,18,2329000.0,45.2,4.3,2021,2024-12-25,pengiriman cepat barang aman sampai
CUST-0332,Jakarta,COD,L,Tidak,Ya,Sangat Tinggi,Silver,39,20,23,2169000.0,57.5,4.4,2020,2024-09-07,kualitas produk bagus penjual ramah
CUST-0324,Surabaya,E-Wallet,P,Tidak,Tidak,Sedang,Bronze,44,2,21,132000.0,7.5,4.0,2024,2024-10-05,barang sesuai tapi pengiriman agak lama
CUST-1384,Makassar,E-Wallet,L,Tidak,Tidak,Sangat Tinggi,Bronze,37,9,32,810000.0,4.7,4.9,2024,2024-11-14,sangat puas belanja lagi di sini
CUST-0482,Jakarta,E-Wallet,P,Tidak,Tidak,Sangat Tinggi,Bronze,31,12,15,1634000.0,28.4,4.8,2022,2024-05-30,sangat puas belanja lagi di sini
CUST-1111,Jakarta,COD,L,Ya,Ya,Rendah,Silver,40,35,18,7243000.0,57.5,3.4,2020,2024-10-21,produk tidak sesuai deskripsi
CUST-0136,Jakarta,E-Wallet,P,Ya,Tidak,Sedang,Bronze,35,1,13,279000.0,15.6,5.0,2023,2024-12-12,kualitas produk standar harga wajar
CUST-1446,Bandung,E-Wallet,L,Tidak,Ya,Sangat Tinggi,Bronze,46,30,9,1440000.0,39.6,4.6,2021,2025-06-10,barang sesuai deskripsi pengiriman cepat
CUST-1190,Bandung,E-Wallet,P,Tidak,Tidak,Tinggi,Silver,39,16,36,2616000.0,39.9,3.7,2021,2024-08-20,penjual responsif pelayanan memuaskan
CUST-1304,Jakarta,E-Wallet,L,Tidak,Ya,Tinggi,Silver,30,16,13,,29.2,3.7,2022,2024-06-22,penjual responsif pelayanan memuaskan
CUST-0436,Jakarta,Transfer Bank,P,Tidak,Ya,Sangat Tinggi,Silver,31,9,33,2401000.0,23.9,4.5,2023,2024-07-01,kualitas produk bagus penjual ramah
CUST-1007,Makassar,COD,P,Tidak,Ya,Sangat Tinggi,Bronze,21,26,23,1166000.0,48.9,4.9,2020,2025-06-22,sangat puas belanja lagi di sini
CUST-0661,Jakarta,E-Wallet,L,Tidak,Tidak,,Bronze,46,11,22,1294000.0,20.6,3.5,2023,2024-08-30,barang sesuai tapi pengiriman agak lama
CUST-1247,Bandung,Transfer Bank,P,Tidak,Tidak,Sedang,Silver,44,35,33,2336000.0,52.9,3.7,2020,2025-02-11,kualitas produk standar harga wajar
CUST-0670,Surabaya,E-Wallet,P,Tidak,Ya,Sangat Tinggi,Silver,24,30,8,2729000.0,50.8,5.0,2020,2024-11-28,kualitas produk bagus penjual ramah
CUST-0159,Bandung,E-Wallet,P,Tidak,Ya,Sedang,Bronze,38,1,38,55000.0,1.2,4.3,2024,2025-04-22,cukup baik walau kemasan kurang rapi
CUST-1207,Bandung,COD,L,Tidak,Tidak,Tinggi,Bronze,30,13,31,1696000.0,33.1,3.9,2022,2024-08-14,penjual responsif pelayanan memuaskan
CUST-1296,Surabaya,E-Wallet,L,Tidak,Tidak,Sedang,Gold,21,44,13,17898000.0,59.0,4.1,2020,2025-03-28,kualitas produk standar harga wajar
CUST-0579,Medan,E-Wallet,P,Tidak,Tidak,Sedang,Silver,59,29,20,,58.2,4.1,2020,2025-05-18,barang sesuai tapi pengiriman agak lama
CUST-0353,Bandung,E-Wallet,L,Tidak,Tidak,Sedang,Bronze,30,21,27,1772000.0,46.0,3.5,2021,2025-02-27,kualitas produk standar harga wajar
CUST-0728,Jakarta,Transfer Bank,L,Ya,Tidak,Rendah,Bronze,46,14,24,1910000.0,17.2,4.7,2023,2024-10-27,penjual lambat membalas pesan
CUST-1299,Bandung,E-Wallet,P,Tidak,Tidak,Rendah,Bronze,24,28,4,1949000.0,54.6,3.1,2020,2024-08-25,penjual lambat membalas pesan
CUST-0846,Medan,Transfer Bank,P,Ya,Ya,Sangat Rendah,Bronze,34,1,43,96000.0,5.7,3.6,2024,2025-05-16,pengiriman sangat lama dan barang cacat
CUST-1027,Makassar,COD,P,Tidak,Tidak,Tinggi,Bronze,35,20,30,1614000.0,36.4,4.2,2021,2024-10-21,produk bagus harga sesuai kualitas
CUST-0622,Surabaya,Transfer Bank,L,Tidak,Tidak,Tinggi,Bronze,31,6,27,420000.0,17.1,4.9,2023,2024-12-09,pengiriman cepat barang aman sampai
CUST-1372,Makassar,E-Wallet,L,Tidak,Ya,Sangat Tinggi,Silver,29,21,25,,50.6,4.3,2020,2025-06-25,barang sesuai deskripsi pengiriman cepat
CUST-0196,Jakarta,E-Wallet,L,Tidak,Ya,Sangat Tinggi,Silver,29,19,24,6094000.0,25.5,4.2,2022,2024-08-26,kualitas produk bagus penjual ramah
CUST-1244,Jakarta,Kartu Kredit,P,Tidak,Ya,Sangat Tinggi,Silver,35,26,21,2272000.0,49.4,4.3,2020,2025-05-27,sangat puas belanja lagi di sini
CUST-0515,Jakarta,E-Wallet,P,Tidak,Tidak,Tinggi,Bronze,29,3,36,,9.8,4.1,2024,2024-08-17,produk bagus harga sesuai kualitas
CUST-0439,Bandung,Transfer Bank,L,Tidak,Ya,Sangat Tinggi,Silver,21,28,29,4203000.0,51.4,5.0,2020,2024-11-13,sangat puas belanja lagi di sini
CUST-1156,Jakarta,COD,L,Tidak,Tidak,Sangat Tinggi,Silver,30,27,23,7362000.0,44.9,4.8,2021,2025-04-09,barang sesuai deskripsi pengiriman cepat
CUST-0850,Makassar,Transfer Bank,L,Tidak,Tidak,Sangat Tinggi,Silver,18,44,20,3020000.0,57.3,4.4,2020,2025-04-10,sangat puas belanja lagi di sini
CUST-0097,Surabaya,Transfer Bank,L,Tidak,Tidak,Sangat Tinggi,Bronze,36,1,23,49000.0,4.8,4.4,2024,2024-06-18,kualitas produk bagus penjual ramah
CUST-0969,Surabaya,E-Wallet,L,Tidak,Tidak,Sedang,Bronze,24,19,19,1523000.0,36.3,3.8,2021,2025-02-06,barang sesuai tapi pengiriman agak lama
CUST-1218,Bandung,COD,L,Tidak,Tidak,Sangat Tinggi,Silver,50,25,32,3508000.0,43.2,5.0,2021,2024-06-20,kualitas produk bagus penjual ramah
CUST-0157,Jakarta,Transfer Bank,L,Tidak,Tidak,Tinggi,Bronze,41,17,28,1115000.0,27.6,4.2,2022,2024-12-24,pengiriman cepat barang aman sampai
CUST-0420,Makassar,COD,P,Tidak,Ya,Sangat Tinggi,Silver,55,31,17,3721000.0,41.8,4.4,2021,2025-04-23,kualitas produk bagus penjual ramah
CUST-0411,Bandung,Transfer Bank,P,Tidak,Tidak,Rendah,Bronze,30,10,1,678000.0,2.1,2.8,2024,2024-11-28,pengiriman lama kemasan rusak
CUST-0644,Jakarta,Kartu Kredit,L,Tidak,Tidak,Sedang,Bronze,36,15,23,1688000.0,21.0,4.3,2023,2024-10-13,barang sesuai tapi pengiriman agak lama
CUST-0478,Bandung,COD,P,Tidak,Tidak,Tinggi,Bronze,36,13,40,534000.0,26.0,4.2,2022,2024-11-05,pengiriman cepat barang aman sampai
CUST-1074,Makassar,Kartu Kredit,L,Tidak,Tidak,Rendah,Bronze,46,20,42,1043000.0,32.3,3.1,2022,2024-10-31,penjual lambat membalas pesan
CUST-0651,Surabaya,E-Wallet,L,Tidak,Tidak,Sangat Tinggi,Silver,44,17,23,5352000.0,40.0,4.3,2021,2025-05-06,sangat puas belanja lagi di sini
CUST-0941,Jakarta,COD,L,Tidak,Tidak,Sedang,Gold,39,24,16,8334000.0,42.8,3.6,2021,2024-12-28,cukup baik walau kemasan kurang rapi
CUST-0448,Bandung,COD,P,Tidak,Ya,Tinggi,Silver,39,13,24,2936000.0,28.6,4.4,2022,2025-04-26,penjual responsif pelayanan memuaskan
CUST-0179,Makassar,Kartu Kredit,L,Ya,Tidak,Sedang,Bronze,33,2,19,406000.0,22.9,4.5,2023,2025-05-21,kualitas produk standar harga wajar
CUST-0391,Bandung,Transfer Bank,L,Tidak,Ya,Sangat Tinggi,Bronze,29,3,41,266000.0,9.1,4.9,2024,2024-08-18,sangat puas belanja lagi di sini
CUST-1293,Surabaya,Kartu Kredit,L,Tidak,Tidak,Sangat Tinggi,Bronze,23,20,12,1090000.0,49.9,4.7,2020,2024-12-05,sangat puas belanja lagi di sini
CUST-1340,Surabaya,Transfer Bank,P,Tidak,Ya,Tinggi,Silver,27,23,34,2965000.0,54.2,4.2,2020,2025-02-06,pengiriman cepat barang aman sampai
CUST-1245,Surabaya,E-Wallet,P,Tidak,Tidak,Tinggi,Bronze,28,13,29,1848000.0,28.5,3.6,2022,2024-10-05,produk bagus harga sesuai kualitas
CUST-0608,Jakarta,COD,L,Tidak,Tidak,Sangat Tinggi,Bronze,31,3,25,361000.0,14.0,4.7,2023,2024-10-21,kualitas produk bagus penjual ramah
CUST-0753,Jakarta,E-Wallet,L,Tidak,Ya,Tinggi,Bronze,24,20,25,1401000.0,46.9,4.3,2021,2024-12-12,penjual responsif pelayanan memuaskan
CUST-0669,JAKARTA,E-Wallet,L,Tidak,Tidak,Sedang,Bronze,24,2,28,293000.0,12.3,3.8,2023,2025-06-15,kualitas produk standar harga wajar
CUST-1366,Surabaya,Transfer Bank,L,Tidak,Ya,Tinggi,Bronze,37,4,14,348000.0,6.4,3.7,2024,2025-02-25,produk bagus harga sesuai kualitas
CUST-1094,Jakarta,Transfer Bank,L,Ya,Tidak,Rendah,Silver,47,31,15,2144000.0,46.4,4.3,2021,2025-06-07,penjual lambat membalas pesan
CUST-1352,Medan,E-Wallet,L,Tidak,Tidak,Sedang,Bronze,36,4,21,303000.0,10.3,3.6,2024,2025-01-14,barang sesuai tapi pengiriman agak lama
CUST-1490,Surabaya,E-Wallet,P,Tidak,Tidak,Sedang,Bronze,38,7,11,659000.0,2.3,3.9,2024,2024-06-13,kualitas produk standar harga wajar
CUST-0295,Medan,COD,P,Tidak,Tidak,Rendah,Bronze,34,5,51,460000.0,8.8,3.0,2024,2025-06-10,pengiriman lama kemasan rusak
CUST-0549,Bandung,Transfer Bank,L,Tidak,Tidak,Sangat Tinggi,Bronze,48,22,32,1584000.0,43.6,4.8,2021,2024-09-17,sangat puas belanja lagi di sini
CUST-1182,Jakarta,Kartu Kredit,L,Tidak,Ya,Tinggi,Silver,34,20,16,2634000.0,26.7,4.1,2022,2024-06-25,pengiriman cepat barang aman sampai
CUST-0089,Jakarta,Transfer Bank,P,Tidak,Tidak,Sedang,Bronze,19,7,28,1303000.0,21.6,,2023,2024-07-11,kualitas produk standar harga wajar
CUST-0983,Bandung,Transfer Bank,P,Tidak,Tidak,Rendah,Bronze,26,8,5,838000.0,17.2,2.9,2023,2024-12-04,penjual lambat membalas pesan
CUST-1183,Jakarta,Transfer Bank,P,Tidak,Ya,Sedang,Silver,34,34,21,4859000.0,41.7,4.0,2021,2025-01-25,barang sesuai tapi pengiriman agak lama
CUST-0635,Jakarta,E-Wallet,P,Tidak,Ya,Tinggi,Silver,36,33,7,2765000.0,47.8,3.8,2021,2024-12-21,produk bagus harga sesuai kualitas
CUST-1323,Jakarta,Transfer Bank,P,Tidak,Ya,,Silver,17,17,30,2237000.0,24.2,4.8,2022,2024-07-12,barang sesuai deskripsi pengiriman cepat
CUST-1441,Jakarta,COD,L,Tidak,Tidak,Rendah,Silver,34,26,10,4372000.0,52.9,3.4,2020,2025-04-19,penjual lambat membalas pesan
CUST-0701,Jakarta,Transfer Bank,P,Tidak,Tidak,Sangat Tinggi,Bronze,33,14,35,403000.0,14.8,4.7,2023,2024-09-26,sangat puas belanja lagi di sini
CUST-0949,Medan,E-Wallet,P,Tidak,Ya,Sangat Tinggi,Silver,48,24,24,4321000.0,43.2,4.6,2021,2025-05-20,barang sesuai deskripsi pengiriman cepat
CUST-0291,Medan,Kartu Kredit,L,Tidak,Ya,Sangat Tinggi,Silver,45,28,31,3465000.0,43.5,4.3,2021,2024-12-17,barang sesuai deskripsi pengiriman cepat
CUST-1422,Surabaya,Transfer Bank,L,Ya,Tidak,Sedang,Bronze,43,11,28,1403000.0,12.7,7.2,2023,2025-02-05,kualitas produk standar harga wajar
CUST-0599,Makassar,Transfer Bank,P,Tidak,Tidak,Sangat Tinggi,Bronze,41,1,23,40000.0,6.5,5.0,2024,2025-01-22,kualitas produk bagus penjual ramah
CUST-0349,Bandung,E-Wallet,P,Tidak,Tidak,Tinggi,Bronze,17,12,17,1059000.0,30.2,4.4,2022,2024-07-26,penjual responsif pelayanan memuaskan
CUST-0571,Jakarta,Kartu Kredit,P,Tidak,Ya,Sangat Tinggi,Silver,32,15,32,3037000.0,42.3,4.9,2021,2024-09-24,barang sesuai deskripsi pengiriman cepat
CUST-1416,Medan,Transfer Bank,P,Tidak,Ya,Tinggi,Silver,28,31,27,6513000.0,50.3,4.7,2020,2025-02-08,penjual responsif pelayanan memuaskan
CUST-0695,Makassar,E-Wallet,P,Tidak,Tidak,Tinggi,Bronze,38,6,26,1023000.0,27.9,4.3,2022,2024-09-10,penjual responsif pelayanan memuaskan
CUST-0943,Jakarta,Transfer Bank,L,Tidak,Tidak,Tinggi,Silver,32,14,9,4965000.0,33.4,3.8,2022,2024-12-24,pengiriman cepat barang aman sampai
CUST-0603,Makassar,Kartu Kredit,P,Ya,Tidak,Rendah,Bronze,48,10,43,827000.0,17.0,4.5,2023,2025-06-07,penjual lambat membalas pesan
CUST-0459,Medan,Kartu Kredit,L,Tidak,Tidak,Sangat Tinggi,Silver,35,23,41,2865000.0,31.1,4.4,2022,2024-12-17,barang sesuai deskripsi pengiriman cepat
CUST-0376,Jakarta,Kartu Kredit,L,Tidak,Tidak,Sedang,Bronze,49,9,41,910000.0,13.1,3.8,2023,2024-06-21,kualitas produk standar harga wajar
CUST-0334,Medan,Transfer Bank,L,Tidak,Tidak,Sedang,Bronze,36,15,26,1540000.0,28.7,3.7,2022,2025-03-07,cukup baik walau kemasan kurang rapi
CUST-1381,Surabaya,Transfer Bank,P,Tidak,Tidak,Sedang,Silver,26,16,8,2450000.0,22.0,3.5,2023,2024-11-21,kualitas produk standar harga wajar
CUST-1327,Surabaya,E-Wallet,L,Tidak,Ya,Tinggi,Silver,56,41,47,7422000.0,58.1,3.5,2020,2024-09-02,produk bagus harga sesuai kualitas
CUST-0716,Jakarta,Transfer Bank,P,Tidak,Ya,Tinggi,Silver,25,31,42,4805000.0,50.5,4.2,2020,2025-04-08,pengiriman cepat barang aman sampai
CUST-1393,Jakarta,E-Wallet,P,Tidak,Tidak,Rendah,Silver,28,11,50,3699000.0,13.7,3.1,2023,2024-10-13,produk tidak sesuai deskripsi
CUST-1143,Medan,E-Wallet,L,Tidak,Ya,Tinggi,Gold,51,22,22,8364000.0,46.2,4.0,2021,2024-05-28,pengiriman cepat barang aman sampai
CUST-0329,Bandung,COD,P,Tidak,Ya,Sangat Tinggi,Bronze,37,9,34,1143000.0,24.8,4.0,2022,2024-07-27,sangat puas belanja lagi di sini
CUST-0319,Jakarta,E-Wallet,L,Tidak,Tidak,Sedang,Silver,69,14,17,2710000.0,29.8,3.9,2022,2024-06-15,kualitas produk standar harga wajar
CUST-1157,Jakarta,E-Wallet,P,Tidak,Ya,Sangat Tinggi,Silver,54,26,9,6436000.0,51.5,4.7,2020,2024-09-24,barang sesuai deskripsi pengiriman cepat
CUST-1090,Surabaya,E-Wallet,L,Tidak,Tidak,Sedang,Bronze,40,12,44,1303000.0,20.4,3.5,2023,2025-01-03,barang sesuai tapi pengiriman agak lama
CUST-0013,Bandung,E-Wallet,P,Tidak,Tidak,Tinggi,Bronze,31,1,17,152000.0,1.6,4.1,2024,2024-11-16,penjual responsif pelayanan memuaskan
CUST-0172,Surabaya,E-Wallet,P,Tidak,Tidak,Tinggi,Bronze,36,17,28,1358000.0,26.1,4.0,2022,2024-09-21,produk bagus harga sesuai kualitas
CUST-0261,jakarta ,E-Wallet,L,Tidak,Tidak,Rendah,Silver,30,28,54,3014000.0,53.2,2.5,2020,2025-03-04,pengiriman lama kemasan rusak
CUST-0825,Medan,Transfer Bank,P,Tidak,Tidak,Tinggi,Silver,39,27,19,3545000.0,34.9,4.1,2022,2024-12-18,pengiriman cepat barang aman sampai
CUST-0866,Makassar,Kartu Kredit,L,Tidak,Tidak,Rendah,Bronze,32,13,42,1099000.0,21.9,3.2,2023,2024-09-24,penjual lambat membalas pesan
CUST-0818,Surabaya,Kartu Kredit,L,Tidak,Tidak,Sedang,Bronze,30,1,12,126000.0,12.2,3.9,2023,2024-07-08,barang sesuai tapi pengiriman agak lama
CUST-0139,Medan,Transfer Bank,P,Tidak,Tidak,Tinggi,Bronze,32,1,22,,11.8,4.4,2024,2025-06-21,produk bagus harga sesuai kualitas
CUST-0550,Surabaya,E-Wallet,P,Tidak,Tidak,Sangat Tinggi,Bronze,58,3,26,110000.0,17.5,4.5,2023,2025-05-13,barang sesuai deskripsi pengiriman cepat
CUST-0616,Bandung,COD,P,Tidak,Tidak,Sangat Tinggi,Bronze,39,2,13,128000.0,8.4,4.5,2024,2025-01-21,sangat puas belanja lagi di sini
CUST-1138,Surabaya,Transfer Bank,P,Tidak,Tidak,Sangat Tinggi,Bronze,26,2,14,355000.0,14.7,4.3,2023,2025-02-05,barang sesuai deskripsi pengiriman cepat
CUST-0782,Makassar,Transfer Bank,P,Tidak,Tidak,Sedang,Silver,37,12,22,2675000.0,23.7,3.6,2023,2025-03-15,barang sesuai tapi pengiriman agak lama
CUST-0559,Bandung,Transfer Bank,P,Tidak,Tidak,Tinggi,Silver,44,26,16,2977000.0,52.7,4.6,2020,2025-01-15,produk bagus harga sesuai kualitas
CUST-0140,Jakarta,Kartu Kredit,L,Tidak,Ya,Sedang,Silver,32,13,31,2346000.0,27.3,3.7,2022,2024-10-24,cukup baik walau kemasan kurang rapi
CUST-1313,Bandung,Kartu Kredit,L,Tidak,Tidak,Sangat Tinggi,Bronze,33,7,19,1056000.0,24.7,5.0,2022,2024-12-04,barang sesuai deskripsi pengiriman cepat
CUST-1238,Surabaya,E-Wallet,P,Tidak,Tidak,Tinggi,Bronze,32,19,10,1137000.0,37.9,4.1,2021,2024-12-16,pengiriman cepat barang aman sampai
CUST-0225,Jakarta,E-Wallet,L,Ya,Tidak,Tinggi,Bronze,27,16,27,1600000.0,31.1,5.0,2022,2025-01-30,pengiriman cepat barang aman sampai
CUST-0591,Makassar,E-Wallet,P,Tidak,Ya,Sangat Tinggi,Bronze,26,13,23,446000.0,16.0,4.6,2023,2024-07-20,sangat puas belanja lagi di sini
CUST-0410,Sorong,COD,L,Tidak,Tidak,Sangat Tinggi,Bronze,26,6,22,460000.0,13.5,4.5,2023,2025-04-12,kualitas produk bagus penjual ramah
CUST-0326,Bandung,Transfer Bank,P,Tidak,Tidak,Sangat Tinggi,Bronze,38,5,32,690000.0,11.9,4.0,2024,2025-01-16,barang sesuai deskripsi pengiriman cepat
CUST-0300,Bandung,E-Wallet,L,Tidak,Tidak,Tinggi,Silver,41,23,28,3983000.0,57.9,3.9,2020,2025-04-02,pengiriman cepat barang aman sampai
CUST-0890,Bandung,Transfer Bank,L,Tidak,Ya,Tinggi,Silver,36,28,13,3911000.0,38.1,3.5,2021,2025-02-11,penjual responsif pelayanan memuaskan
CUST-1359,Bandung,Kartu Kredit,P,Tidak,Tidak,Sangat Tinggi,Bronze,50,16,13,1084000.0,17.3,5.0,2023,2025-05-18,sangat puas belanja lagi di sini
CUST-0675,Bandung,E-Wallet,P,Tidak,Tidak,Tinggi,Bronze,24,21,23,1144000.0,41.3,4.3,2021,2024-09-17,pengiriman cepat barang aman sampai
CUST-1394,Jakarta,E-Wallet,P,Tidak,Tidak,Rendah,Silver,41,22,3,2775000.0,44.6,3.1,2021,2024-08-02,pengiriman lama kemasan rusak
CUST-1316,Bandung,E-Wallet,P,Tidak,Tidak,Sangat Tinggi,Bronze,28,7,25,971000.0,11.2,5.0,2024,2025-01-19,kualitas produk bagus penjual ramah
CUST-1170,Jakarta,E-Wallet,L,Tidak,Tidak,Sangat Tinggi,Bronze,40,2,25,461000.0,2.3,4.9,2024,2025-06-22,sangat puas belanja lagi di sini
CUST-0574,Medan,Kartu Kredit,L,Tidak,Tidak,Sedang,Bronze,28,13,47,1578000.0,36.8,3.8,2021,2024-12-20,barang sesuai tapi pengiriman agak lama
CUST-0504,Surabaya,E-Wallet,P,Tidak,Tidak,Sangat Tinggi,Silver,47,32,12,5200000.0,52.8,4.4,2020,2025-06-04,kualitas produk bagus penjual ramah
CUST-0765,Makassar,E-Wallet,L,Tidak,Tidak,Sedang,Silver,47,24,35,4638000.0,19.7,3.4,2023,2024-11-24,cukup baik walau kemasan kurang rapi
CUST-0004,Bandung,E-Wallet,P,Tidak,Tidak,Rendah,Bronze,42,1,9,94000.0,10.2,3.4,2024,2024-12-01,pengiriman lama kemasan rusak
CUST-0835,Bandung,E-Wallet,L,Tidak,Ya,Tinggi,Silver,30,17,26,2381000.0,24.6,4.0,2022,2024-12-31,penjual responsif pelayanan memuaskan
CUST-0468,Makassar,Kartu Kredit,L,Tidak,Tidak,Sangat Tinggi,Silver,51,23,25,2851000.0,44.4,4.4,2021,2025-06-24,barang sesuai deskripsi pengiriman cepat
CUST-0322,Surabaya,E-Wallet,L,Tidak,Ya,Sangat Tinggi,Silver,24,23,25,2131000.0,23.3,4.8,2023,2024-09-01,kualitas produk bagus penjual ramah
CUST-0006,Makassar,E-Wallet,P,Tidak,Tidak,Sangat Tinggi,Bronze,35,3,18,420000.0,30.4,4.3,2022,2024-08-29,barang sesuai deskripsi pengiriman cepat
CUST-0979,Surabaya,E-Wallet,P,Tidak,Tidak,Sangat Tinggi,Bronze,28,27,23,1158000.0,47.4,5.0,2021,2024-08-07,kualitas produk bagus penjual ramah
CUST-0548,Jakarta,E-Wallet,P,Tidak,Ya,Sedang,Gold,27,13,1,9026000.0,34.0,3.3,2022,2025-04-20,kualitas produk standar harga wajar
CUST-0916,Makassar,Transfer Bank,L,Tidak,Tidak,Sedang,Bronze,26,32,20,1872000.0,53.3,4.3,2020,2025-03-02,barang sesuai tapi pengiriman agak lama
CUST-0040,Bandung,E-Wallet,P,Tidak,Ya,Sedang,Silver,28,15,15,4503000.0,26.1,3.6,2022,2025-06-12,barang sesuai tapi pengiriman agak lama
CUST-0543,Medan,E-Wallet,P,Tidak,Tidak,Rendah,Bronze,42,31,29,1533000.0,55.5,3.8,2020,2024-11-25,pengiriman lama kemasan rusak
CUST-0243,Jakarta,Transfer Bank,P,Tidak,Ya,Sangat Tinggi,Bronze,29,10,22,910000.0,3.2,4.9,2024,2025-01-10,kualitas produk bagus penjual ramah
CUST-0137,Makassar,E-Wallet,P,Tidak,Ya,Tinggi,Silver,26,26,31,4075000.0,57.5,4.0,2020,2025-05-02,pengiriman cepat barang aman sampai
CUST-0606,Medan,Kartu Kredit,L,Tidak,Tidak,Rendah,Bronze,43,4,1,249000.0,7.2,2.9,2024,2024-11-21,penjual lambat membalas pesan
CUST-1447,Makassar,E-Wallet,L,Ya,Ya,Rendah,Silver,26,22,17,2786000.0,38.9,3.7,2021,2024-08-22,pengiriman lama kemasan rusak
CUST-0680,Surabaya,COD,L,Tidak,Tidak,Tinggi,Bronze,41,12,16,544000.0,28.0,4.6,2022,2024-07-14,penjual responsif pelayanan memuaskan
CUST-1203,Medan,E-Wallet,L,Ya,Tidak,Sedang,Bronze,41,1,15,161000.0,1.3,3.9,2024,2024-09-14,kualitas produk standar harga wajar
CUST-1369,Jakarta,COD,L,Tidak,Tidak,Sedang,Silver,36,30,41,4911000.0,54.9,4.1,2020,2025-04-23,barang sesuai tapi pengiriman agak lama
CUST-0582,Surabaya,Transfer Bank,P,Tidak,Tidak,Sedang,Silver,28,13,4,6116000.0,36.5,3.6,2021,2025-06-30,kualitas produk standar harga wajar
CUST-1478,Makassar,Kartu Kredit,L,Tidak,Ya,Sangat Tinggi,Silver,32,15,19,2407000.0,17.2,5.0,2023,2024-11-15,sangat puas belanja lagi di sini
CUST-0793,Jakarta,E-Wallet,L,Tidak,Ya,Sedang,Silver,34,29,6,6796000.0,43.1,4.0,2021,2025-05-19,barang sesuai tapi pengiriman agak lama
CUST-1392,Medan,COD,P,Tidak,Tidak,Sangat Tinggi,Bronze,26,1,40,86000.0,1.8,4.3,2024,2024-12-09,sangat puas belanja lagi di sini
CUST-0377,Makassar,Transfer Bank,L,Tidak,Tidak,Sedang,Bronze,28,8,29,252000.0,18.5,4.2,2023,2025-04-29,barang sesuai tapi pengiriman agak lama
CUST-0315,Surabaya,Kartu Kredit,L,Tidak,Ya,Sangat Tinggi,Silver,47,21,25,4063000.0,41.8,4.6,2021,2025-01-24,sangat puas belanja lagi di sini
CUST-0443,Bandung,E-Wallet,L,Tidak,Ya,Sangat Tinggi,Silver,47,29,29,4687000.0,50.4,4.6,2020,2025-03-31,kualitas produk bagus penjual ramah
CUST-0320,Makassar,E-Wallet,L,Tidak,Tidak,Tinggi,Bronze,35,25,22,1322000.0,36.4,4.3,2021,2024-10-26,pengiriman cepat barang aman sampai
CUST-0810,Makassar,COD,P,Tidak,Tidak,Sedang,Silver,36,34,46,,47.5,3.7,2021,2025-01-20,barang sesuai tapi pengiriman agak lama
CUST-1189,Jakarta,Transfer Bank,L,Tidak,Tidak,Sedang,Bronze,26,1,17,117000.0,10.6,3.6,2024,2025-03-28,kualitas produk standar harga wajar
CUST-1243,Surabaya,Transfer Bank,L,Tidak,Tidak,Sangat Tinggi,Bronze,30,28,27,1615000.0,42.5,5.0,2021,2025-06-18,barang sesuai deskripsi pengiriman cepat
CUST-0425,Bandung,Transfer Bank,L,Tidak,Ya,Sangat Tinggi,Bronze,22,6,31,684000.0,5.7,5.0,2024,2025-03-06,sangat puas belanja lagi di sini
CUST-0554,Makassar,Kartu Kredit,P,Tidak,Tidak,Sedang,Bronze,42,8,10,510000.0,5.6,4.2,2024,2025-06-02,cukup baik walau kemasan kurang rapi
CUST-0595,Jakarta,COD,L,Tidak,Tidak,Sangat Tinggi,Bronze,17,19,22,1117000.0,60.0,4.5,2020,2024-10-15,barang sesuai deskripsi pengiriman cepat
CUST-0899,Jakarta,Transfer Bank,L,Tidak,Tidak,Rendah,Bronze,32,15,54,1815000.0,36.5,2.8,2021,2025-04-01,penjual lambat membalas pesan
CUST-0865,Jakarta,E-Wallet,P,Tidak,Ya,Tinggi,Gold,33,28,21,8110000.0,32.2,4.7,2022,2025-05-12,penjual responsif pelayanan memuaskan
CUST-1129,Bandung,Transfer Bank,P,Ya,Tidak,Sedang,Bronze,50,30,21,1772000.0,51.2,5.0,2020,2024-12-22,barang sesuai tapi pengiriman agak lama
CUST-1221,Jakarta,E-Wallet,L,Tidak,Tidak,Sangat Rendah,Bronze,56,4,55,224000.0,13.6,2.1,2023,2024-10-28,barang rusak penjual tidak merespons
CUST-0629,Surabaya,Transfer Bank,P,Tidak,Ya,Sedang,Bronze,39,8,33,454000.0,12.9,3.8,2023,2025-05-01,cukup baik walau kemasan kurang rapi
CUST-0228,Surabaya,Kartu Kredit,L,Tidak,Tidak,Rendah,Bronze,34,8,28,486000.0,19.4,3.6,2023,2025-05-06,pengiriman lama kemasan rusak
CUST-0719,Bandung,COD,P,Tidak,Tidak,Tinggi,Bronze,64,22,25,751000.0,37.9,,2021,2025-04-18,penjual responsif pelayanan memuaskan
CUST-0827,Bandung,Transfer Bank,L,Tidak,Tidak,Sedang,Bronze,33,7,10,595000.0,1.9,4.3,2024,2025-02-05,barang sesuai tapi pengiriman agak lama
CUST-0985,Jakarta,Kartu Kredit,L,Tidak,Ya,Sangat Rendah,Bronze,47,8,63,550000.0,19.7,1.3,2023,2024-11-23,pengiriman sangat lama dan barang cacat
CUST-0984,Surabaya,E-Wallet,L,Tidak,Tidak,Rendah,Silver,20,23,4,3628000.0,46.2,,2021,2024-06-27,pengiriman lama kemasan rusak
CUST-0067,Surabaya,Transfer Bank,L,Tidak,Tidak,Sangat Rendah,Bronze,29,12,3,1322000.0,29.7,2.4,2022,2025-03-17,pengiriman sangat lama dan barang cacat
CUST-0394,Bandung,Transfer Bank,L,Tidak,Tidak,Sangat Tinggi,Bronze,41,2,13,34000.0,8.9,4.8,2024,2025-05-26,sangat puas belanja lagi di sini
CUST-0580,Surabaya,Transfer Bank,L,Tidak,Ya,Sedang,Silver,35,41,1,2922000.0,57.6,4.0,2020,2025-05-03,barang sesuai tapi pengiriman agak lama
CUST-0995,Makassar,COD,L,Tidak,Ya,Tinggi,Bronze,45,26,11,975000.0,48.0,4.1,2021,2024-11-09,penjual responsif pelayanan memuaskan
CUST-0212,Bandung,E-Wallet,P,Tidak,Ya,Tinggi,Silver,29,22,19,3044000.0,45.2,4.4,2021,2025-05-13,produk bagus harga sesuai kualitas
CUST-1396,Jakarta,Transfer Bank,L,Tidak,Tidak,Sedang,Bronze,34,22,33,1527000.0,54.0,4.4,2020,2024-11-14,cukup baik walau kemasan kurang rapi
CUST-0786,Surabaya,Transfer Bank,P,Tidak,Ya,Rendah,Silver,45,24,46,2686000.0,30.8,2.9,2022,2024-09-02,penjual lambat membalas pesan
CUST-0537,Surabaya,COD,L,Tidak,Tidak,Sangat Tinggi,Bronze,61,11,20,1583000.0,8.3,4.7,2024,2024-12-24,sangat puas belanja lagi di sini
CUST-0721,Surabaya,E-Wallet,P,Tidak,Tidak,Sedang,Bronze,51,4,30,1111000.0,24.2,3.5,2022,2025-03-13,kualitas produk standar harga wajar
CUST-0666,Bandung,Transfer Bank,L,Tidak,Tidak,Sangat Tinggi,Bronze,42,18,30,,43.2,4.2,2021,2025-02-20,barang sesuai deskripsi pengiriman cepat
CUST-0086,Jakarta,COD,L,Tidak,Ya,Rendah,Gold,18,28,38,12187000.0,48.2,3.2,2020,2025-02-07,produk tidak sesuai deskripsi
CUST-1353,Jakarta,Kartu Kredit,P,Ya,Ya,Sedang,Silver,32,34,26,4123000.0,57.2,4.7,2020,2025-05-10,barang sesuai tapi pengiriman agak lama
CUST-0273,Jakarta,E-Wallet,P,Ya,Ya,Tinggi,Bronze,24,14,19,,36.0,5.0,2022,2024-10-23,produk bagus harga sesuai kualitas
CUST-1165,Jakarta,E-Wallet,P,Tidak,Tidak,Sangat Tinggi,Silver,65,31,10,2387000.0,56.0,,2020,2025-03-05,kualitas produk bagus penjual ramah
CUST-0665,Surabaya,Kartu Kredit,L,Tidak,Tidak,Tinggi,Bronze,35,11,17,1933000.0,16.0,3.5,2023,2025-01-13,produk bagus harga sesuai kualitas
CUST-1354,Jakarta,E-Wallet,L,Tidak,Ya,Sangat Tinggi,Silver,47,17,23,2369000.0,34.9,5.0,2022,2024-07-14,barang sesuai deskripsi pengiriman cepat
CUST-0631,Makassar,Transfer Bank,L,Tidak,Tidak,Sedang,Bronze,46,15,7,1862000.0,41.0,3.8,2021,2024-10-14,kualitas produk standar harga wajar
CUST-1036,Bandung,E-Wallet,L,Tidak,Tidak,Sangat Tinggi,Silver,32,22,20,,37.9,4.2,2021,2024-07-18,sangat puas belanja lagi di sini
CUST-1403,Makassar,Transfer Bank,L,Tidak,Tidak,Rendah,Bronze,56,19,19,641000.0,20.0,3.2,2023,2024-06-25,produk tidak sesuai deskripsi
CUST-1002,Surabaya,Kartu Kredit,L,Tidak,Tidak,Sangat Tinggi,Silver,17,32,27,5106000.0,54.2,4.4,2020,2024-08-05,kualitas produk bagus penjual ramah
CUST-0274,Bandung,COD,P,Tidak,Tidak,Rendah,Bronze,31,1,8,41000.0,2.5,3.5,2024,2025-01-01,produk tidak sesuai deskripsi
CUST-1054,Jakarta,COD,L,Tidak,Ya,Tinggi,Silver,29,16,23,2735000.0,26.3,4.5,2022,2024-09-24,penjual responsif pelayanan memuaskan
CUST-0363,Jakarta,COD,P,Tidak,Tidak,Sedang,Silver,40,14,8,3675000.0,31.7,3.6,2022,2024-12-27,barang sesuai tapi pengiriman agak lama
CUST-0623,Makassar,Transfer Bank,L,Tidak,Tidak,Sangat Tinggi,Bronze,29,3,17,224000.0,1.2,5.0,2024,2025-02-02,sangat puas belanja lagi di sini
CUST-0003,Medan,E-Wallet,L,Tidak,Tidak,Sedang,Bronze,36,18,44,887000.0,34.6,3.6,2022,2024-09-11,barang sesuai tapi pengiriman agak lama
CUST-0007,Medan,Kartu Kredit,P,Tidak,Ya,Sangat Tinggi,Bronze,31,16,22,1979000.0,39.7,5.0,2021,2024-09-21,barang sesuai deskripsi pengiriman cepat
CUST-0312,Surabaya,E-Wallet,P,Tidak,Tidak,Sangat Rendah,Silver,46,30,47,2530000.0,50.9,2.5,2020,2024-07-12,barang rusak penjual tidak merespons
CUST-0708,Medan,E-Wallet,P,Tidak,Ya,Tinggi,Silver,25,22,10,2787000.0,32.4,4.2,2022,2025-05-31,pengiriman cepat barang aman sampai
CUST-0944,Surabaya,E-Wallet,P,Tidak,Ya,Sangat Tinggi,Silver,33,21,33,7316000.0,36.2,5.0,2021,2025-01-08,sangat puas belanja lagi di sini
CUST-1481,Surabaya,E-Wallet,L,Tidak,Tidak,Sangat Tinggi,Silver,44,24,22,3791000.0,30.7,4.2,2022,2024-12-01,kualitas produk bagus penjual ramah
CUST-0216,Bandung,Kartu Kredit,P,Tidak,Tidak,Sangat Tinggi,Bronze,47,4,36,426000.0,10.2,4.3,2024,2024-12-22,kualitas produk bagus penjual ramah
CUST-1224,Bandung,E-Wallet,L,Tidak,Tidak,Sangat Tinggi,Bronze,26,12,21,728000.0,9.0,5.0,2024,2024-08-14,kualitas produk bagus penjual ramah
CUST-0028,Jakarta,E-Wallet,P,Tidak,Ya,Sangat Tinggi,Bronze,53,3,13,298000.0,7.9,4.4,2024,2024-12-01,barang sesuai deskripsi pengiriman cepat
CUST-1085,Makassar,Transfer Bank,P,Tidak,Tidak,Sangat Tinggi,Bronze,37,25,22,,38.3,4.6,2021,2025-03-13,sangat puas belanja lagi di sini
CUST-1273,Surabaya,COD,P,Tidak,Tidak,Sedang,Bronze,26,1,35,110000.0,2.2,4.0,2024,2025-04-05,kualitas produk standar harga wajar
CUST-0681,Jakarta,Kartu Kredit,P,Tidak,Ya,Sangat Tinggi,Silver,41,19,26,3794000.0,40.0,4.7,2021,2024-12-29,barang sesuai deskripsi pengiriman cepat
CUST-0639,Medan,Kartu Kredit,P,Tidak,Tidak,Sangat Rendah,Silver,47,28,50,5469000.0,47.8,2.7,2021,2025-03-24,pengiriman sangat lama dan barang cacat
CUST-0756,Jakarta,E-Wallet,L,Tidak,Ya,Sangat Tinggi,Silver,39,12,27,2718000.0,5.8,5.0,2024,2024-12-18,barang sesuai deskripsi pengiriman cepat
CUST-1459,Makassar,Transfer Bank,L,Tidak,Tidak,Sangat Rendah,Bronze,29,1,57,173000.0,7.7,1.6,2024,2025-01-01,barang rusak penjual tidak merespons
CUST-0625,Makassar,E-Wallet,P,Tidak,Tidak,Sedang,Bronze,57,5,44,522000.0,1.7,3.6,2024,2025-04-28,barang sesuai tapi pengiriman agak lama
CUST-1309,Jakarta,Transfer Bank,P,Ya,Tidak,Tinggi,Bronze,49,9,20,1906000.0,8.5,4.8,2024,2024-10-07,pengiriman cepat barang aman sampai
CUST-0257,Medan,Transfer Bank,L,Tidak,Tidak,Sedang,Bronze,27,25,1,571000.0,39.4,3.1,2021,2024-07-22,cukup baik walau kemasan kurang rapi
CUST-0026,Jakarta,Transfer Bank,L,Tidak,Tidak,Tinggi,Bronze,44,22,26,1003000.0,52.4,4.2,2020,2024-09-14,penjual responsif pelayanan memuaskan
CUST-0337,jakarta ,Transfer Bank,P,Ya,Tidak,Rendah,Bronze,44,6,14,741000.0,26.2,4.2,2022,2025-04-28,penjual lambat membalas pesan
CUST-0573,Surabaya,Transfer Bank,L,Tidak,Tidak,Sangat Rendah,Bronze,17,14,29,1095000.0,39.1,2.7,2021,2025-06-14,sangat kecewa produk tidak sesuai
CUST-0048,Jakarta,Kartu Kredit,P,Tidak,Tidak,Sangat Tinggi,Bronze,26,1,26,111000.0,6.7,4.6,2024,2025-06-13,barang sesuai deskripsi pengiriman cepat
CUST-0107,Surabaya,COD,L,Tidak,Ya,Tinggi,Silver,28,32,12,5136000.0,58.8,3.5,2020,2024-08-30,penjual responsif pelayanan memuaskan
CUST-0350,Jakarta,Kartu Kredit,L,Tidak,Ya,Sangat Tinggi,Silver,29,20,10,6800000.0,41.6,4.6,2021,2025-01-07,barang sesuai deskripsi pengiriman cepat
CUST-0056,Medan,Kartu Kredit,P,Tidak,Tidak,Sedang,Bronze,39,6,30,1305000.0,3.3,4.0,2024,2025-04-30,cukup baik walau kemasan kurang rapi
CUST-0813,Makassar,E-Wallet,P,Tidak,Tidak,Sedang,Bronze,32,19,41,1956000.0,20.9,,2023,2024-10-26,barang sesuai tapi pengiriman agak lama
CUST-0214,Medan,COD,P,Tidak,Ya,Tinggi,Silver,36,23,8,2807000.0,36.3,4.2,2021,2025-01-02,penjual responsif pelayanan memuaskan
CUST-0121,Bandung,Transfer Bank,L,Tidak,Tidak,Sangat Rendah,Bronze,28,1,1,185000.0,4.3,2.5,2024,2025-02-05,barang rusak penjual tidak merespons
CUST-0875,Bandung,E-Wallet,P,Tidak,Tidak,Sedang,Bronze,40,9,13,1792000.0,14.4,4.1,2023,2025-03-19,barang sesuai tapi pengiriman agak lama
CUST-1399,Bandung,E-Wallet,L,Tidak,Tidak,Tinggi,Silver,36,34,27,4302000.0,60.0,3.6,2020,2025-05-05,penjual responsif pelayanan memuaskan
CUST-0073,Medan,E-Wallet,P,Tidak,Ya,Sangat Tinggi,Bronze,36,2,13,145000.0,1.8,5.0,2024,2024-09-07,barang sesuai deskripsi pengiriman cepat
CUST-0860,Surabaya,Transfer Bank,L,Tidak,Tidak,Sangat Tinggi,Bronze,19,7,18,1609000.0,7.6,4.1,2024,2024-10-11,sangat puas belanja lagi di sini
CUST-0725,Jakarta,COD,P,Tidak,Tidak,Tinggi,Silver,35,23,24,3917000.0,26.0,4.2,2022,2025-06-17,pengiriman cepat barang aman sampai
CUST-0046,Medan,E-Wallet,P,Tidak,Tidak,Sangat Tinggi,Silver,17,10,2,2275000.0,23.9,4.5,2023,2024-09-23,barang sesuai deskripsi pengiriman cepat
CUST-1346,Bandung,E-Wallet,P,Tidak,Tidak,Tinggi,Bronze,24,16,15,1009000.0,32.7,4.5,2022,2024-10-12,produk bagus harga sesuai kualitas
CUST-0524,Bandung,Transfer Bank,L,Tidak,Tidak,Sangat Tinggi,Bronze,40,9,19,745000.0,14.0,4.3,2023,2025-01-17,kualitas produk bagus penjual ramah
CUST-0874,Surabaya,Transfer Bank,L,Tidak,Tidak,Tinggi,Bronze,27,16,36,1553000.0,21.7,3.8,2023,2025-04-11,pengiriman cepat barang aman sampai
CUST-0807,Bandung,E-Wallet,P,Tidak,Tidak,Sangat Tinggi,Silver,40,23,14,2678000.0,32.1,4.6,2022,2025-05-24,barang sesuai deskripsi pengiriman cepat
CUST-0869,Jakarta,E-Wallet,P,Tidak,Ya,Sangat Tinggi,Silver,32,25,24,6398000.0,39.3,4.7,2021,2024-12-06,kualitas produk bagus penjual ramah
CUST-0799,Bandung,Transfer Bank,L,Tidak,Ya,Tinggi,Silver,26,14,23,3441000.0,33.8,4.2,2022,2025-03-17,penjual responsif pelayanan memuaskan
CUST-0534,Bandung,E-Wallet,L,Tidak,Ya,Sedang,Bronze,37,1,18,89000.0,4.0,4.1,2024,2025-04-26,cukup baik walau kemasan kurang rapi
CUST-1141,Surabaya,Kartu Kredit,L,Tidak,Ya,Sangat Tinggi,Silver,32,16,10,4756000.0,25.9,5.0,2022,2025-04-30,kualitas produk bagus penjual ramah
CUST-0604,Bandung,COD,L,Tidak,Ya,Tinggi,Bronze,25,9,23,1379000.0,10.4,4.9,2024,2025-05-01,penjual responsif pelayanan memuaskan
CUST-0466,Bandung,Transfer Bank,P,Ya,Tidak,,Bronze,22,30,21,1547000.0,51.5,4.6,2020,2024-12-29,cukup baik walau kemasan kurang rapi
CUST-0820,Jakarta,COD,P,Tidak,Ya,Sangat Tinggi,Silver,31,36,29,6569000.0,58.2,4.6,2020,2024-06-30,kualitas produk bagus penjual ramah
CUST-1281,Surabaya,Transfer Bank,L,Tidak,Tidak,Sedang,Silver,23,23,31,2751000.0,43.4,4.0,2021,2025-06-16,cukup baik walau kemasan kurang rapi
CUST-0781,Jakarta,E-Wallet,L,Tidak,Tidak,Sedang,Bronze,38,9,1,1173000.0,23.5,2.5,2023,2024-06-04,kualitas produk standar harga wajar
CUST-0953,Jakarta,E-Wallet,P,Tidak,Tidak,Sangat Rendah,Bronze,17,1,52,34000.0,8.0,2.0,2024,2024-06-10,sangat kecewa produk tidak sesuai
CUST-0061,Bandung,COD,P,Tidak,Tidak,Rendah,Bronze,42,17,44,998000.0,38.5,2.7,2021,2025-02-26,produk tidak sesuai deskripsi
CUST-1135,Makassar,E-Wallet,P,Tidak,Ya,Sangat Tinggi,Bronze,29,22,30,1592000.0,19.3,4.4,2023,2024-10-17,sangat puas belanja lagi di sini
CUST-0093,Surabaya,COD,P,Tidak,Tidak,Rendah,Bronze,37,17,1,650000.0,37.4,3.5,2021,2025-01-23,penjual lambat membalas pesan
CUST-0667,Medan,COD,L,Tidak,Tidak,Sangat Tinggi,Bronze,34,28,10,1964000.0,48.6,4.7,2020,2025-05-30,kualitas produk bagus penjual ramah
CUST-1329,Jakarta,Kartu Kredit,P,Tidak,Ya,Sangat Tinggi,Bronze,17,1,20,107000.0,17.3,5.0,2023,2024-06-03,sangat puas belanja lagi di sini
CUST-0195,Jakarta,E-Wallet,P,Tidak,Tidak,Sangat Tinggi,Bronze,44,1,39,,3.6,4.4,2024,2025-03-29,kualitas produk bagus penjual ramah
CUST-0281,Jakarta,Transfer Bank,P,Tidak,Tidak,Rendah,Bronze,26,18,42,1157000.0,46.4,3.8,2021,2025-03-31,produk tidak sesuai deskripsi
CUST-0696,Surabaya,Kartu Kredit,L,Tidak,Tidak,Tinggi,Bronze,40,12,46,1632000.0,17.5,,2023,2025-01-14,produk bagus harga sesuai kualitas
CUST-0360,Bandung,Transfer Bank,P,Tidak,Tidak,Sangat Tinggi,Silver,32,16,10,6065000.0,28.9,5.0,2022,2025-02-11,kualitas produk bagus penjual ramah
CUST-0520,Medan,E-Wallet,P,Tidak,Ya,Sangat Tinggi,Silver,17,17,34,2692000.0,18.9,5.0,2023,2024-10-27,kualitas produk bagus penjual ramah
CUST-0817,Medan,Transfer Bank,L,Ya,Tidak,Sangat Rendah,Silver,18,20,48,,38.4,3.1,2021,2024-06-07,barang rusak penjual tidak merespons
CUST-0778,Jakarta,Transfer Bank,L,Tidak,Ya,Sedang,Silver,34,22,43,3895000.0,33.3,3.5,2022,2024-09-07,cukup baik walau kemasan kurang rapi
CUST-0183,Surabaya,Kartu Kredit,P,Tidak,Ya,Tinggi,Bronze,33,28,35,1329000.0,48.9,4.0,2020,2025-01-31,pengiriman cepat barang aman sampai
CUST-1031,Bandung,E-Wallet,P,Tidak,Tidak,Sangat Tinggi,Bronze,39,6,22,938000.0,1.1,5.0,2024,2025-01-01,barang sesuai deskripsi pengiriman cepat
CUST-0111,Surabaya,Transfer Bank,L,Tidak,Tidak,Rendah,Bronze,24,1,55,167000.0,6.0,3.1,2024,2025-03-14,produk tidak sesuai deskripsi
CUST-0043,Bandung,E-Wallet,P,Tidak,Tidak,Tinggi,Silver,34,24,26,4177000.0,47.0,3.9,2021,2025-03-04,pengiriman cepat barang aman sampai
CUST-1037,Surabaya,Kartu Kredit,L,Tidak,Ya,Sangat Tinggi,Bronze,56,2,37,193000.0,7.1,4.1,2024,2025-06-05,barang sesuai deskripsi pengiriman cepat
CUST-0205,Jakarta,E-Wallet,P,Tidak,Tidak,Sangat Tinggi,Bronze,47,1,9,99000.0,9.7,4.8,2024,2025-05-25,kualitas produk bagus penjual ramah
CUST-1044,Bandung,Transfer Bank,P,Tidak,Tidak,Tinggi,Bronze,22,20,16,,14.7,4.7,2023,2024-06-21,produk bagus harga sesuai kualitas
CUST-0053,Medan,E-Wallet,P,Ya,Ya,Rendah,Silver,34,31,20,4976000.0,51.1,4.5,2020,2024-06-25,pengiriman lama kemasan rusak
CUST-0546,Surabaya,Transfer Bank,L,Tidak,Tidak,Tinggi,Silver,37,22,26,2073000.0,50.9,4.7,2020,2025-06-30,penjual responsif pelayanan memuaskan
CUST-0998,jakarta ,Transfer Bank,L,Tidak,Tidak,Sangat Tinggi,Bronze,28,18,17,966000.0,24.1,4.6,2022,2024-09-19,barang sesuai deskripsi pengiriman cepat
CUST-0900,Surabaya,E-Wallet,L,Ya,Tidak,Rendah,Silver,23,24,20,3927000.0,56.9,3.7,2020,2024-06-24,penjual lambat membalas pesan
CUST-0862,Bandung,Transfer Bank,L,Ya,Ya,Sedang,Silver,36,26,37,3403000.0,54.4,3.9,2020,2025-06-15,cukup baik walau kemasan kurang rapi
CUST-0758,Makassar,Kartu Kredit,L,Tidak,Tidak,Sangat Tinggi,Bronze,32,22,27,1785000.0,53.2,4.2,2020,2025-06-10,barang sesuai deskripsi pengiriman cepat
CUST-0184,JAKARTA,Transfer Bank,L,Tidak,Tidak,Sangat Tinggi,Silver,58,19,12,5712000.0,40.0,4.6,2021,2025-04-23,barang sesuai deskripsi pengiriman cepat
CUST-0138,Surabaya,COD,L,Tidak,Tidak,Sangat Tinggi,Bronze,38,11,29,600000.0,12.2,5.0,2023,2025-01-18,barang sesuai deskripsi pengiriman cepat
CUST-0977,Surabaya,Transfer Bank,L,Tidak,Tidak,Sedang,Silver,18,36,14,6182000.0,49.4,3.6,2020,2025-05-24,barang sesuai tapi pengiriman agak lama
CUST-0081,Bandung,COD,L,Tidak,Tidak,Sangat Tinggi,Bronze,29,7,21,1458000.0,12.3,3.9,2023,2025-06-18,kualitas produk bagus penjual ramah
CUST-1480,Surabaya,Kartu Kredit,P,Tidak,Tidak,Rendah,Silver,20,31,48,3910000.0,54.6,3.2,2020,2025-02-06,pengiriman lama kemasan rusak
CUST-0106,Bandung,Transfer Bank,P,Tidak,Tidak,Tinggi,Silver,42,33,25,4666000.0,58.0,4.5,2020,2025-02-01,pengiriman cepat barang aman sampai
CUST-0542,Surabaya,Kartu Kredit,P,Tidak,Tidak,Sangat Tinggi,Bronze,36,10,26,961000.0,15.6,4.7,2023,2025-03-16,sangat puas belanja lagi di sini
CUST-0744,Jakarta,Transfer Bank,P,Tidak,Tidak,Tinggi,Bronze,19,9,30,977000.0,1.5,4.4,2024,2024-09-22,produk bagus harga sesuai kualitas
CUST-0481,Surabaya,Kartu Kredit,L,Tidak,Ya,Tinggi,Silver,21,19,2,2638000.0,45.7,4.2,2021,2025-04-10,penjual responsif pelayanan memuaskan
CUST-0166,Surabaya,Kartu Kredit,P,Tidak,Tidak,Tinggi,Silver,38,27,36,,39.5,4.1,2021,2025-04-28,produk bagus harga sesuai kualitas
CUST-0249,Surabaya,E-Wallet,P,Tidak,Tidak,Sangat Tinggi,Silver,44,19,23,3880000.0,37.4,4.5,2021,2024-09-22,barang sesuai deskripsi pengiriman cepat
CUST-0308,Bandung,E-Wallet,L,Tidak,Tidak,Sangat Tinggi,Bronze,47,27,29,1960000.0,51.1,4.5,2020,2024-08-17,barang sesuai deskripsi pengiriman cepat
CUST-0447,Makassar,Transfer Bank,P,Tidak,Tidak,Sangat Tinggi,Bronze,36,18,24,1708000.0,41.7,4.8,2021,2024-12-20,barang sesuai deskripsi pengiriman cepat
CUST-1049,Medan,E-Wallet,L,Tidak,Tidak,Sedang,Bronze,36,14,4,1824000.0,31.1,3.3,2022,2024-08-14,kualitas produk standar harga wajar
CUST-0335,Jakarta,Transfer Bank,L,Tidak,Ya,Sangat Tinggi,Silver,17,14,19,2188000.0,45.0,4.6,2021,2024-10-10,sangat puas belanja lagi di sini
CUST-0098,Jakarta,Transfer Bank,L,Tidak,Tidak,Sangat Rendah,Bronze,43,15,1,1013000.0,32.7,2.4,2022,2024-09-21,sangat kecewa produk tidak sesuai
CUST-0883,Makassar,Transfer Bank,P,Tidak,Tidak,Sangat Tinggi,Bronze,28,6,20,942000.0,24.5,4.7,2022,2025-01-02,barang sesuai deskripsi pengiriman cepat
CUST-0738,Jakarta,E-Wallet,P,Tidak,Ya,Tinggi,Gold,37,21,31,12657000.0,36.2,3.9,2021,2025-06-07,penjual responsif pelayanan memuaskan
CUST-0842,Medan,Transfer Bank,P,Ya,Tidak,Rendah,Silver,22,32,33,2434000.0,59.4,4.2,2020,2024-12-21,pengiriman lama kemasan rusak
CUST-0994,Jakarta,COD,L,Tidak,Ya,Sangat Tinggi,Silver,23,15,35,2318000.0,31.6,5.0,2022,2024-06-07,barang sesuai deskripsi pengiriman cepat
CUST-0103,Jakarta,E-Wallet,P,Tidak,Tidak,Sangat Tinggi,Silver,31,24,23,4399000.0,50.8,,2020,2024-06-10,barang sesuai deskripsi pengiriman cepat
CUST-0435,Jakarta,Kartu Kredit,L,Tidak,Tidak,Sangat Tinggi,Gold,42,14,14,11303000.0,36.3,5.0,2021,2024-12-19,kualitas produk bagus penjual ramah
CUST-0075,Jakarta,Transfer Bank,P,Tidak,Ya,Rendah,Silver,44,26,51,2580000.0,48.8,2.5,2020,2025-04-22,produk tidak sesuai deskripsi
CUST-1344,Bandung,Transfer Bank,L,Tidak,Tidak,Sedang,Bronze,37,6,25,584000.0,4.2,3.4,2024,2024-10-03,cukup baik walau kemasan kurang rapi
CUST-0882,Bandung,Transfer Bank,P,Tidak,Ya,Tinggi,Bronze,34,23,14,1873000.0,39.5,4.3,2021,2025-01-19,produk bagus harga sesuai kualitas
CUST-1363,Bandung,E-Wallet,P,Tidak,Tidak,Sangat Tinggi,Silver,37,28,29,2242000.0,53.9,4.5,2020,2024-06-07,kualitas produk bagus penjual ramah
CUST-0303,Surabaya,Transfer Bank,L,Ya,Tidak,Rendah,Bronze,25,22,20,435000.0,31.8,4.2,2022,2024-07-21,produk tidak sesuai deskripsi
CUST-1266,Medan,COD,P,Tidak,Tidak,Sangat Rendah,Bronze,25,1,54,42000.0,4.2,2.3,2024,2024-12-19,sangat kecewa produk tidak sesuai
CUST-1227,Surabaya,Kartu Kredit,P,Tidak,Tidak,Sedang,Bronze,46,1,41,267000.0,2.6,3.5,2024,2025-06-29,cukup baik walau kemasan kurang rapi
CUST-0734,Surabaya,COD,P,Tidak,Ya,Rendah,Silver,47,32,20,2337000.0,48.0,3.5,2021,2024-09-15,penjual lambat membalas pesan
CUST-0389,Jakarta,Kartu Kredit,L,Tidak,Tidak,Sedang,Gold,46,31,1,11399000.0,58.6,2.8,2020,2024-09-05,barang sesuai tapi pengiriman agak lama
CUST-0236,Medan,Kartu Kredit,L,Tidak,Tidak,Sedang,Bronze,25,4,7,193000.0,5.4,3.6,2024,2025-04-11,kualitas produk standar harga wajar
CUST-1308,Bandung,Kartu Kredit,L,Tidak,Tidak,Rendah,Bronze,20,25,1,1667000.0,47.4,2.9,2021,2024-11-21,penjual lambat membalas pesan
CUST-0268,Jakarta,Transfer Bank,P,Tidak,Tidak,Sedang,Silver,29,30,19,3501000.0,48.3,3.9,2020,2024-10-30,cukup baik walau kemasan kurang rapi
CUST-0306,Surabaya,Kartu Kredit,L,Tidak,Tidak,Sedang,Bronze,29,8,29,1141000.0,6.2,4.1,2024,2024-10-29,barang sesuai tapi pengiriman agak lama
CUST-0118,Bandung,E-Wallet,P,Tidak,Tidak,Sedang,Bronze,46,13,17,780000.0,8.8,4.1,2024,2024-11-30,barang sesuai tapi pengiriman agak lama
CUST-1215,jakarta ,Kartu Kredit,P,Tidak,Ya,Tinggi,Silver,36,30,6,5434000.0,49.1,4.1,2020,2025-02-11,pengiriman cepat barang aman sampai
CUST-0674,Bandung,Transfer Bank,L,Ya,Tidak,Rendah,Bronze,38,14,10,1779000.0,26.7,3.6,2022,2024-12-20,pengiriman lama kemasan rusak
CUST-0250,Surabaya,E-Wallet,L,Tidak,Tidak,Tinggi,Bronze,17,10,12,795000.0,23.3,4.1,2023,2025-04-01,produk bagus harga sesuai kualitas
CUST-1097,Jakarta,Transfer Bank,P,Tidak,Tidak,Sangat Tinggi,Bronze,39,20,21,1858000.0,29.3,5.0,2022,2025-01-05,kualitas produk bagus penjual ramah
CUST-1109,Sorong,E-Wallet,P,Tidak,Tidak,Sedang,Silver,20,18,38,2149000.0,20.9,4.0,2023,2025-05-12,cukup baik walau kemasan kurang rapi
CUST-0072,Surabaya,E-Wallet,P,Tidak,Tidak,Tinggi,Bronze,17,6,27,629000.0,4.0,4.2,2024,2024-06-11,penjual responsif pelayanan memuaskan
CUST-0095,Jakarta,Kartu Kredit,L,Tidak,Tidak,Sangat Tinggi,Bronze,38,33,21,1606000.0,58.4,4.9,2020,2024-06-14,barang sesuai deskripsi pengiriman cepat
CUST-0853,Medan,Transfer Bank,L,Tidak,Tidak,Rendah,Silver,38,17,11,2820000.0,42.8,,2021,2025-02-03,penjual lambat membalas pesan
CUST-0034,Surabaya,Kartu Kredit,L,Tidak,Tidak,Sangat Tinggi,Bronze,54,4,28,568000.0,2.2,4.1,2024,2024-08-10,barang sesuai deskripsi pengiriman cepat
CUST-1104,Medan,Kartu Kredit,L,Tidak,Tidak,Tinggi,Bronze,36,8,22,595000.0,4.7,4.4,2024,2025-06-29,produk bagus harga sesuai kualitas
CUST-0449,Jakarta,Transfer Bank,L,Tidak,Ya,Sangat Tinggi,Bronze,20,25,22,1569000.0,41.3,5.0,2021,2024-06-20,barang sesuai deskripsi pengiriman cepat
CUST-0446,Bandung,COD,L,Tidak,Tidak,Sangat Tinggi,Bronze,41,6,31,852000.0,10.0,4.5,2024,2025-04-07,kualitas produk bagus penjual ramah
CUST-0772,Bandung,E-Wallet,P,Tidak,Tidak,Tinggi,Silver,28,25,16,4672000.0,35.4,4.4,2022,2024-05-30,pengiriman cepat barang aman sampai
CUST-0717,Bandung,Transfer Bank,P,Tidak,Tidak,Sedang,Bronze,41,26,28,1154000.0,44.7,4.3,2021,2024-09-30,cukup baik walau kemasan kurang rapi
CUST-1361,Bandung,E-Wallet,L,Tidak,Tidak,Rendah,Bronze,34,15,11,489000.0,29.3,3.3,2022,2025-02-15,penjual lambat membalas pesan
CUST-1147,Bandung,Kartu Kredit,L,Tidak,Tidak,Sangat Tinggi,Bronze,48,12,18,1069000.0,21.0,4.5,2023,2024-05-28,sangat puas belanja lagi di sini
CUST-0906,Bandung,Transfer Bank,P,Tidak,Ya,Sangat Rendah,Silver,31,20,1,4341000.0,49.2,2.5,2020,2025-06-26,pengiriman sangat lama dan barang cacat
CUST-1038,Surabaya,E-Wallet,P,Tidak,Tidak,Tinggi,Silver,25,29,26,2436000.0,44.6,4.9,2021,2024-07-19,pengiriman cepat barang aman sampai
CUST-0078,Bandung,Kartu Kredit,P,Ya,Tidak,Rendah,Bronze,41,8,38,420000.0,22.1,3.9,2023,2024-12-14,pengiriman lama kemasan rusak
CUST-0085,Jakarta,E-Wallet,P,Tidak,Tidak,Sedang,Bronze,44,4,14,339000.0,6.6,3.8,2024,2024-06-26,barang sesuai tapi pengiriman agak lama
CUST-0840,Surabaya,Transfer Bank,L,Tidak,Ya,Tinggi,Gold,17,32,31,12649000.0,53.9,4.3,2020,2025-05-13,penjual responsif pelayanan memuaskan
CUST-0083,Medan,E-Wallet,P,Tidak,Tidak,Sangat Tinggi,Silver,39,24,25,4817000.0,34.8,,2022,2025-02-20,barang sesuai deskripsi pengiriman cepat
CUST-0458,Surabaya,Transfer Bank,P,Tidak,Tidak,Tinggi,Bronze,51,23,1,1658000.0,43.7,4.3,2021,2024-10-24,produk bagus harga sesuai kualitas
CUST-0924,Surabaya,Transfer Bank,P,Ya,Tidak,Sangat Rendah,Bronze,17,19,47,1658000.0,31.0,3.4,2022,2025-04-29,barang rusak penjual tidak merespons
CUST-0677,Makassar,E-Wallet,L,Tidak,Tidak,Sangat Tinggi,Bronze,54,11,15,1012000.0,26.7,5.0,2022,2025-05-16,sangat puas belanja lagi di sini
CUST-0990,Medan,E-Wallet,P,Tidak,Tidak,Rendah,Bronze,21,1,13,119000.0,4.4,3.3,2024,2024-09-29,produk tidak sesuai deskripsi
CUST-1080,Jakarta,COD,L,Tidak,Ya,Sangat Tinggi,Silver,37,34,17,6478000.0,57.4,4.7,2020,2024-07-18,barang sesuai deskripsi pengiriman cepat
CUST-0437,Jakarta,E-Wallet,L,Tidak,Tidak,Tinggi,Bronze,17,18,13,1799000.0,30.9,4.2,2022,2025-01-11,pengiriman cepat barang aman sampai
CUST-0771,Jakarta,E-Wallet,P,Tidak,Tidak,Sangat Rendah,Bronze,51,12,55,1730000.0,21.6,2.2,2023,2024-07-23,barang rusak penjual tidak merespons
CUST-0645,Bandung,E-Wallet,L,Tidak,Tidak,Sangat Tinggi,Silver,36,20,12,5081000.0,38.1,4.1,2021,2025-03-13,sangat puas belanja lagi di sini
CUST-1162,Bandung,E-Wallet,L,Ya,Tidak,Sedang,Bronze,39,16,29,1544000.0,27.5,4.7,2022,2025-03-27,barang sesuai tapi pengiriman agak lama
CUST-0911,Medan,Kartu Kredit,P,Tidak,Ya,Sangat Tinggi,Bronze,38,22,48,821000.0,45.1,4.5,2021,2025-06-15,barang sesuai deskripsi pengiriman cepat
CUST-1197,Jakarta,Kartu Kredit,L,Tidak,Tidak,Tinggi,Bronze,49,3,28,368000.0,8.7,4.1,2024,2025-02-18,produk bagus harga sesuai kualitas
CUST-0405,Makassar,E-Wallet,P,Tidak,Tidak,Tinggi,Bronze,39,1,10,70000.0,12.5,3.6,2023,2024-09-28,pengiriman cepat barang aman sampai
CUST-1334,Makassar,Kartu Kredit,L,Tidak,Ya,Sangat Tinggi,Bronze,19,19,16,1948000.0,39.8,4.7,2021,2025-01-25,barang sesuai deskripsi pengiriman cepat
CUST-0939,Makassar,E-Wallet,P,Tidak,Tidak,Sedang,Bronze,47,10,20,1322000.0,5.0,3.9,2024,2025-01-29,kualitas produk standar harga wajar
CUST-1498,Bandung,Transfer Bank,P,Tidak,Tidak,,Bronze,39,19,9,1707000.0,30.6,3.2,2022,2025-04-27,penjual lambat membalas pesan
CUST-0105,Medan,Transfer Bank,P,Tidak,Ya,Tinggi,Bronze,55,8,24,430000.0,26.3,4.3,2022,2024-08-09,pengiriman cepat barang aman sampai
CUST-0610,Surabaya,Transfer Bank,L,Tidak,Tidak,Sangat Tinggi,Bronze,55,1,26,60000.0,1.6,4.5,2024,2025-02-21,kualitas produk bagus penjual ramah
CUST-0837,Bandung,Kartu Kredit,P,Tidak,Tidak,Rendah,Bronze,47,1,9,253000.0,4.3,2.4,2024,2025-03-28,penjual lambat membalas pesan
CUST-0689,Bandung,Transfer Bank,P,Tidak,Tidak,Sedang,Silver,42,16,32,4526000.0,33.9,4.4,2022,2025-05-26,kualitas produk standar harga wajar
CUST-0966,Surabaya,Kartu Kredit,L,Tidak,Ya,Sangat Tinggi,Silver,32,21,36,2250000.0,34.3,5.0,2022,2024-07-13,barang sesuai deskripsi pengiriman cepat
CUST-0937,Makassar,E-Wallet,L,Tidak,Ya,Sangat Tinggi,Silver,48,29,33,6201000.0,54.4,,2020,2025-04-25,sangat puas belanja lagi di sini
CUST-0063,Bandung,COD,L,Tidak,Tidak,Tinggi,Bronze,24,1,6,49000.0,10.1,4.3,2024,2024-07-26,penjual responsif pelayanan memuaskan
CUST-0282,Jakarta,Kartu Kredit,L,Tidak,Tidak,Sangat Tinggi,Bronze,38,9,14,1061000.0,16.8,4.1,2023,2024-08-20,barang sesuai deskripsi pengiriman cepat
CUST-0779,Medan,Kartu Kredit,P,Tidak,Tidak,Sangat Tinggi,Bronze,18,13,10,1256000.0,21.9,4.1,2023,2025-04-25,kualitas produk bagus penjual ramah
CUST-1358,Surabaya,E-Wallet,L,Tidak,Tidak,Tinggi,Bronze,55,13,14,1165000.0,9.3,3.8,2024,2025-04-30,produk bagus harga sesuai kualitas
CUST-0239,Jakarta,E-Wallet,L,Tidak,Tidak,Sedang,Silver,44,31,45,5467000.0,50.5,3.0,2020,2024-08-20,cukup baik walau kemasan kurang rapi
CUST-0224,Makassar,E-Wallet,P,Tidak,Tidak,Sedang,Bronze,31,1,1,,9.6,3.1,2024,2024-09-24,barang sesuai tapi pengiriman agak lama
CUST-0146,Jakarta,E-Wallet,P,Tidak,Tidak,Sangat Tinggi,Silver,40,24,16,2919000.0,39.4,5.0,2021,2025-03-29,sangat puas belanja lagi di sini
CUST-1402,Jakarta,COD,P,Ya,Tidak,Rendah,Bronze,28,6,38,827000.0,16.0,3.5,2023,2025-03-18,produk tidak sesuai deskripsi
CUST-0374,Jakarta,COD,L,Tidak,Ya,Sangat Tinggi,Silver,22,25,30,2941000.0,42.5,4.9,2021,2024-10-22,kualitas produk bagus penjual ramah
CUST-1232,Bandung,Transfer Bank,L,Tidak,Ya,Sangat Tinggi,Bronze,41,5,43,925000.0,14.1,4.1,2023,2024-07-30,barang sesuai deskripsi pengiriman cepat
CUST-0119,Surabaya,COD,L,Tidak,Ya,Tinggi,Silver,28,33,17,3155000.0,51.9,4.8,2020,2024-08-20,penjual responsif pelayanan memuaskan
CUST-1499,Surabaya,COD,P,Tidak,Tidak,Sangat Tinggi,Silver,66,25,23,5323000.0,40.0,5.0,2021,2024-08-05,kualitas produk bagus penjual ramah
CUST-0251,Bandung,E-Wallet,P,Tidak,Ya,Sangat Tinggi,Silver,29,20,39,3435000.0,50.2,4.5,2020,2025-03-12,kualitas produk bagus penjual ramah
CUST-1448,Surabaya,Kartu Kredit,P,Tidak,Tidak,Sangat Tinggi,Silver,29,19,17,2111000.0,22.8,4.2,2023,2024-08-21,sangat puas belanja lagi di sini
CUST-1212,Medan,Transfer Bank,L,Tidak,Ya,Tinggi,Silver,49,26,11,2174000.0,47.4,4.7,2021,2024-09-02,penjual responsif pelayanan memuaskan
CUST-1103,Medan,E-Wallet,P,Tidak,Tidak,Tinggi,Silver,26,18,39,2042000.0,34.7,3.7,2022,2025-01-15,produk bagus harga sesuai kualitas
CUST-0010,Surabaya,Kartu Kredit,P,Tidak,Ya,Sangat Tinggi,Silver,47,36,20,,51.6,4.4,2020,2024-12-08,sangat puas belanja lagi di sini
CUST-0450,Bandung,COD,P,Tidak,Ya,Sangat Tinggi,Gold,41,33,13,12471000.0,45.9,4.6,2021,2024-10-15,barang sesuai deskripsi pengiriman cepat
CUST-0888,Jakarta,Transfer Bank,P,Tidak,Tidak,Sangat Tinggi,Silver,24,12,23,2268000.0,16.6,4.4,2023,2024-09-20,barang sesuai deskripsi pengiriman cepat
CUST-0709,Surabaya,Transfer Bank,L,Ya,Tidak,Rendah,Silver,56,18,34,2930000.0,36.8,4.2,2021,2024-12-02,penjual lambat membalas pesan
CUST-0256,Bandung,E-Wallet,P,Tidak,Ya,Sangat Tinggi,Silver,47,16,15,,55.3,4.4,2020,2025-04-11,barang sesuai deskripsi pengiriman cepat
CUST-0594,Bandung,Transfer Bank,L,Tidak,Tidak,Sangat Tinggi,Silver,33,20,15,,48.4,5.0,2020,2024-11-14,kualitas produk bagus penjual ramah
CUST-0390,Medan,E-Wallet,L,Tidak,Tidak,Tinggi,Bronze,47,8,20,608000.0,12.9,4.2,2023,2024-06-30,penjual responsif pelayanan memuaskan
CUST-0963,Jakarta,Transfer Bank,P,Tidak,Tidak,Tinggi,Silver,44,18,24,3457000.0,35.0,4.6,2022,2024-06-17,produk bagus harga sesuai kualitas
CUST-1204,Bandung,Kartu Kredit,P,Tidak,Tidak,Sedang,Bronze,40,33,25,1801000.0,59.0,3.9,2020,2024-09-06,cukup baik walau kemasan kurang rapi
CUST-0558,Surabaya,E-Wallet,P,Tidak,Tidak,Sedang,Bronze,33,5,31,496000.0,9.5,4.0,2024,2025-04-03,cukup baik walau kemasan kurang rapi
CUST-1291,Surabaya,Kartu Kredit,L,Tidak,Tidak,Sedang,Bronze,20,6,45,241000.0,22.7,3.2,2023,2025-04-10,cukup baik walau kemasan kurang rapi
CUST-0845,Jakarta,Kartu Kredit,P,Tidak,Tidak,Sangat Tinggi,Silver,45,19,21,5124000.0,36.5,4.5,2021,2025-04-29,kualitas produk bagus penjual ramah
CUST-0461,Bandung,E-Wallet,L,Tidak,Ya,Sangat Tinggi,Bronze,45,2,27,,14.3,5.0,2023,2024-05-30,sangat puas belanja lagi di sini
CUST-0724,Makassar,Transfer Bank,L,Tidak,Ya,Sangat Tinggi,Silver,34,6,31,2029000.0,8.6,4.3,2024,2024-10-07,sangat puas belanja lagi di sini
CUST-1385,Makassar,E-Wallet,P,Tidak,Ya,Sangat Tinggi,Bronze,32,1,12,57000.0,8.0,4.6,2024,2024-05-30,barang sesuai deskripsi pengiriman cepat
CUST-0145,Surabaya,Transfer Bank,P,Tidak,Ya,Sangat Tinggi,Bronze,50,20,26,1130000.0,37.1,4.0,2021,2024-09-17,kualitas produk bagus penjual ramah
CUST-0502,Medan,E-Wallet,P,Tidak,Tidak,Tinggi,Bronze,25,15,23,1100000.0,20.3,3.9,2023,2025-06-22,penjual responsif pelayanan memuaskan
CUST-1102,Jakarta,E-Wallet,P,Ya,Tidak,Rendah,Bronze,17,14,19,772000.0,16.1,4.5,2023,2025-05-17,pengiriman lama kemasan rusak
CUST-0740,Surabaya,E-Wallet,L,Tidak,Ya,Sangat Tinggi,Bronze,49,10,35,911000.0,20.6,4.5,2023,2025-01-29,barang sesuai deskripsi pengiriman cepat
CUST-1388,Jakarta,COD,L,Tidak,Ya,Sangat Tinggi,Bronze,23,5,19,,8.6,4.9,2024,2025-02-22,barang sesuai deskripsi pengiriman cepat
CUST-0732,Jakarta,E-Wallet,P,Tidak,Tidak,Tinggi,Bronze,35,2,13,480000.0,33.0,4.1,2022,2024-07-11,produk bagus harga sesuai kualitas
CUST-0540,Medan,Kartu Kredit,L,Tidak,Ya,Sangat Tinggi,Bronze,21,23,18,1284000.0,44.8,4.6,2021,2024-08-01,sangat puas belanja lagi di sini
CUST-0178,Makassar,E-Wallet,L,Tidak,Ya,Sangat Tinggi,Bronze,22,5,34,362000.0,22.2,4.6,2023,2025-03-24,barang sesuai deskripsi pengiriman cepat
CUST-1450,Jakarta,Kartu Kredit,L,Tidak,Tidak,Sangat Tinggi,Silver,28,24,21,4143000.0,29.9,4.7,2022,2024-12-19,kualitas produk bagus penjual ramah
CUST-0698,Bandung,E-Wallet,L,Tidak,Tidak,Sedang,Bronze,26,5,13,1265000.0,8.3,3.7,2024,2024-12-07,cukup baik walau kemasan kurang rapi
CUST-1222,Jakarta,Kartu Kredit,L,Ya,Tidak,Sangat Rendah,Bronze,36,9,2,689000.0,12.7,3.9,2023,2025-02-16,pengiriman sangat lama dan barang cacat
CUST-1475,Surabaya,E-Wallet,P,Tidak,Ya,Sangat Tinggi,Bronze,25,11,35,1017000.0,23.9,5.0,2023,2024-05-31,sangat puas belanja lagi di sini
CUST-1264,Makassar,E-Wallet,P,Tidak,Tidak,Sedang,Bronze,35,10,42,1151000.0,2.3,3.7,2024,2025-05-25,barang sesuai tapi pengiriman agak lama
CUST-0904,Surabaya,COD,P,Tidak,Ya,Tinggi,Silver,25,15,37,2213000.0,19.7,4.3,2023,2025-02-25,penjual responsif pelayanan memuaskan
CUST-1496,Bandung,E-Wallet,L,Tidak,Ya,Tinggi,Silver,63,22,32,2086000.0,44.9,4.6,2021,2024-11-21,pengiriman cepat barang aman sampai
CUST-0008,Medan,E-Wallet,L,Tidak,Ya,Sedang,Silver,44,36,5,3035000.0,51.4,3.8,2020,2024-08-10,kualitas produk standar harga wajar
CUST-0868,Medan,E-Wallet,L,Tidak,Ya,Tinggi,Bronze,39,4,29,398000.0,3.6,4.6,2024,2024-08-04,produk bagus harga sesuai kualitas
CUST-0668,Sorong,E-Wallet,L,Tidak,Ya,Sangat Tinggi,Bronze,33,16,34,1364000.0,29.1,4.4,2022,2025-06-20,kualitas produk bagus penjual ramah
CUST-1164,Jakarta,Transfer Bank,L,Tidak,Ya,Tinggi,Silver,36,19,12,2562000.0,48.1,4.1,2020,2024-12-28,penjual responsif pelayanan memuaskan
CUST-0358,Medan,Transfer Bank,P,Tidak,Tidak,Tinggi,Silver,21,37,24,4063000.0,56.6,4.0,2020,2024-05-28,produk bagus harga sesuai kualitas
CUST-0784,Bandung,Kartu Kredit,L,Tidak,Tidak,Tinggi,Bronze,55,2,21,160000.0,4.6,4.2,2024,2025-05-02,pengiriman cepat barang aman sampai
CUST-0736,Bandung,Kartu Kredit,P,Tidak,Ya,Tinggi,Silver,20,34,14,4899000.0,58.6,4.3,2020,2025-01-02,pengiriman cepat barang aman sampai
CUST-0330,Jakarta,E-Wallet,L,Tidak,Tidak,Sedang,Silver,38,11,6,2722000.0,15.7,3.6,2023,2025-01-25,cukup baik walau kemasan kurang rapi
CUST-1058,Jakarta,Transfer Bank,P,Tidak,Tidak,Sedang,Bronze,21,6,44,1189000.0,9.3,3.8,2024,2024-07-21,barang sesuai tapi pengiriman agak lama
CUST-1152,Medan,E-Wallet,P,Tidak,Ya,Tinggi,Silver,21,20,35,2618000.0,44.3,4.1,2021,2025-03-29,pengiriman cepat barang aman sampai
CUST-1121,Bandung,Kartu Kredit,P,Tidak,Ya,Tinggi,Silver,49,18,22,2061000.0,24.6,4.5,2022,2024-06-01,produk bagus harga sesuai kualitas
CUST-0259,JAKARTA,COD,P,Ya,Tidak,Rendah,Silver,37,19,30,4641000.0,29.4,3.7,2022,2024-07-26,produk tidak sesuai deskripsi
CUST-1179,Jakarta,Kartu Kredit,P,Tidak,Tidak,Rendah,Silver,29,34,39,6801000.0,55.4,3.0,2020,2025-03-06,produk tidak sesuai deskripsi
CUST-0373,Surabaya,COD,P,Tidak,Tidak,Sangat Tinggi,Silver,30,35,11,2846000.0,58.4,4.7,2020,2024-08-09,kualitas produk bagus penjual ramah
CUST-1107,Jakarta,E-Wallet,P,Ya,Tidak,Sangat Rendah,Silver,26,19,1,7744000.0,38.8,3.7,2021,2025-03-18,barang rusak penjual tidak merespons
CUST-0931,Jakarta,Kartu Kredit,P,Tidak,Tidak,Tinggi,Bronze,17,6,12,1344000.0,15.2,4.4,2023,2025-06-16,pengiriman cepat barang aman sampai
CUST-0143,Makassar,E-Wallet,P,Tidak,Tidak,Tinggi,Bronze,38,1,18,164000.0,6.7,4.7,2024,2024-10-02,penjual responsif pelayanan memuaskan
CUST-0526,Surabaya,E-Wallet,L,Tidak,Ya,Sangat Tinggi,Silver,30,33,14,2045000.0,60.0,5.0,2020,2025-03-28,barang sesuai deskripsi pengiriman cepat
CUST-1142,Medan,Kartu Kredit,P,Tidak,Tidak,Tinggi,Silver,28,28,39,3901000.0,43.1,4.0,2021,2024-11-26,penjual responsif pelayanan memuaskan
CUST-1345,Makassar,Transfer Bank,P,Tidak,Tidak,Sangat Tinggi,Silver,34,14,40,2123000.0,19.5,4.6,2023,2024-07-29,sangat puas belanja lagi di sini
CUST-1125,Surabaya,E-Wallet,P,Ya,Tidak,Sangat Rendah,Bronze,44,10,4,515000.0,18.2,2.8,2023,2025-03-05,barang rusak penjual tidak merespons
CUST-1427,Jakarta,Kartu Kredit,L,Tidak,Ya,Sedang,Silver,44,33,7,4026000.0,59.6,3.3,2020,2025-05-19,barang sesuai tapi pengiriman agak lama
CUST-0441,Medan,Transfer Bank,L,Tidak,Tidak,Sangat Rendah,Bronze,29,15,23,736000.0,30.2,2.6,2022,2024-09-17,sangat kecewa produk tidak sesuai
CUST-0532,Bandung,E-Wallet,L,Tidak,Ya,Sangat Tinggi,Silver,19,36,26,2446000.0,59.6,4.9,2020,2024-11-04,barang sesuai deskripsi pengiriman cepat
CUST-1205,Jakarta,Kartu Kredit,P,Tidak,Ya,Sangat Tinggi,Silver,49,22,25,2691000.0,36.8,4.4,2021,2025-01-29,barang sesuai deskripsi pengiriman cepat
CUST-0227,Jakarta,E-Wallet,P,Tidak,Ya,Sangat Tinggi,Silver,21,14,31,3762000.0,29.6,4.6,2022,2024-12-19,kualitas produk bagus penjual ramah
CUST-1362,Surabaya,E-Wallet,P,Ya,Tidak,Tinggi,Bronze,36,10,25,1023000.0,46.4,4.7,2021,2024-08-06,produk bagus harga sesuai kualitas
CUST-0229,Bandung,Transfer Bank,P,Tidak,Tidak,Sangat Tinggi,Bronze,41,12,29,938000.0,27.7,,2022,2024-08-29,sangat puas belanja lagi di sini
CUST-1330,Jakarta,Kartu Kredit,P,Tidak,Tidak,Sedang,Silver,23,17,12,2460000.0,26.2,3.7,2022,2024-11-14,cukup baik walau kemasan kurang rapi
CUST-1301,Jakarta,COD,L,Tidak,Ya,Tinggi,Bronze,36,14,41,1288000.0,27.9,3.6,2022,2025-02-10,pengiriman cepat barang aman sampai
CUST-0213,Jakarta,COD,P,Tidak,Tidak,Sangat Rendah,Bronze,19,15,61,1374000.0,23.5,2.3,2023,2025-04-07,pengiriman sangat lama dan barang cacat
CUST-0080,Medan,Kartu Kredit,L,Ya,Tidak,Rendah,Silver,41,21,13,2842000.0,51.5,4.3,2020,2025-04-10,produk tidak sesuai deskripsi
CUST-0149,Surabaya,COD,P,Tidak,Tidak,Sangat Tinggi,Bronze,40,26,19,,55.2,4.6,2020,2025-06-13,kualitas produk bagus penjual ramah
CUST-0815,Jakarta,E-Wallet,L,Tidak,Ya,Tinggi,Silver,27,13,15,4959000.0,30.6,4.1,2022,2024-09-17,produk bagus harga sesuai kualitas
CUST-0909,Jakarta,E-Wallet,P,Tidak,Ya,Sangat Tinggi,Gold,17,42,33,8944000.0,59.3,5.0,2020,2024-11-13,kualitas produk bagus penjual ramah
CUST-0918,Jakarta,E-Wallet,P,Tidak,Ya,Sangat Tinggi,Bronze,17,23,5,1604000.0,39.6,4.1,2021,2024-11-24,sangat puas belanja lagi di sini
CUST-0672,Bandung,Transfer Bank,P,Tidak,Tidak,Sedang,Bronze,56,11,36,675000.0,19.9,4.1,2023,2025-05-14,cukup baik walau kemasan kurang rapi
CUST-1229,Makassar,E-Wallet,P,Tidak,Tidak,Tinggi,Silver,48,12,15,3613000.0,12.3,4.2,2023,2025-01-04,penjual responsif pelayanan memuaskan
CUST-0556,jakarta ,E-Wallet,P,Tidak,Ya,Sedang,Silver,29,19,6,3896000.0,23.5,3.6,2023,2024-12-21,kualitas produk standar harga wajar
CUST-0964,Jakarta,E-Wallet,L,Tidak,Tidak,Sedang,Bronze,39,17,33,940000.0,24.4,3.6,2022,2024-08-12,kualitas produk standar harga wajar
CUST-0134,Surabaya,Kartu Kredit,L,Tidak,Ya,Sangat Tinggi,Bronze,43,15,16,1366000.0,16.5,4.5,2023,2024-08-13,kualitas produk bagus penjual ramah
CUST-1112,Surabaya,Kartu Kredit,P,Tidak,Tidak,Rendah,Bronze,25,20,1,1885000.0,35.5,2.6,2022,2024-06-28,penjual lambat membalas pesan
CUST-0824,Bandung,Transfer Bank,L,Ya,Tidak,Sangat Rendah,Bronze,58,4,1,225000.0,3.0,3.0,2024,2025-06-01,sangat kecewa produk tidak sesuai
CUST-0409,Jakarta,Kartu Kredit,P,Tidak,Ya,Sedang,Bronze,24,10,16,822000.0,39.3,4.2,2021,2025-06-14,cukup baik walau kemasan kurang rapi
CUST-0369,Jakarta,E-Wallet,L,Tidak,Ya,Tinggi,Silver,43,8,20,2587000.0,33.7,4.7,2022,2024-06-25,produk bagus harga sesuai kualitas
CUST-0508,Medan,Transfer Bank,P,Tidak,Tidak,Sedang,Bronze,35,3,24,135000.0,3.8,4.2,2024,2025-05-09,cukup baik walau kemasan kurang rapi
CUST-1477,Surabaya,E-Wallet,P,Tidak,Tidak,Sedang,Silver,17,24,8,4317000.0,29.3,4.2,2022,2025-05-31,barang sesuai tapi pengiriman agak lama
CUST-0505,Surabaya,Transfer Bank,P,Ya,Tidak,Sangat Rendah,Bronze,31,33,40,1012000.0,46.6,3.5,2021,2025-06-23,sangat kecewa produk tidak sesuai
CUST-1336,Medan,E-Wallet,L,Tidak,Tidak,Sangat Tinggi,Bronze,21,29,22,1932000.0,54.2,4.7,2020,2024-12-22,kualitas produk bagus penjual ramah
CUST-0348,Jakarta,E-Wallet,P,Tidak,Ya,Sangat Tinggi,Silver,46,21,16,5644000.0,43.9,5.0,2021,2024-08-19,barang sesuai deskripsi pengiriman cepat
CUST-0387,Bandung,Transfer Bank,P,Tidak,Tidak,Sedang,Bronze,24,8,25,489000.0,17.3,3.8,2023,2024-12-18,barang sesuai tapi pengiriman agak lama
CUST-0001,Medan,E-Wallet,P,Ya,Tidak,Sangat Rendah,Bronze,26,15,23,1150000.0,27.9,3.6,2022,2024-06-26,sangat kecewa produk tidak sesuai
CUST-0361,Makassar,E-Wallet,L,Tidak,Tidak,Sangat Tinggi,Bronze,17,5,27,527000.0,21.5,5.0,2023,2024-10-01,kualitas produk bagus penjual ramah
CUST-0895,Bandung,E-Wallet,P,Tidak,Tidak,Tinggi,Bronze,46,13,15,1121000.0,10.1,4.2,2024,2025-04-07,produk bagus harga sesuai kualitas
CUST-0829,Medan,E-Wallet,P,Tidak,Ya,Sangat Tinggi,Silver,54,26,21,3370000.0,37.6,,2021,2024-12-02,barang sesuai deskripsi pengiriman cepat
CUST-1419,Makassar,Transfer Bank,L,Tidak,Ya,Sangat Tinggi,Silver,34,15,32,2428000.0,28.2,5.0,2022,2024-10-06,barang sesuai deskripsi pengiriman cepat
CUST-0476,Jakarta,Transfer Bank,L,Tidak,Tidak,Tinggi,Bronze,43,1,15,94000.0,3.7,3.5,2024,2024-10-08,pengiriman cepat barang aman sampai
CUST-1284,Bandung,E-Wallet,L,Tidak,Ya,Tinggi,Silver,46,6,17,3320000.0,8.8,4.6,2024,2024-09-26,pengiriman cepat barang aman sampai
CUST-0058,Bandung,E-Wallet,L,Tidak,Tidak,Sedang,Bronze,20,11,45,406000.0,34.7,4.0,2022,2025-05-19,barang sesuai tapi pengiriman agak lama
CUST-0638,Bandung,Kartu Kredit,L,Ya,Tidak,Sedang,Silver,48,23,22,7488000.0,42.4,4.7,2021,2025-03-20,cukup baik walau kemasan kurang rapi
CUST-1310,Makassar,Transfer Bank,P,Tidak,Tidak,Sangat Tinggi,Bronze,47,7,34,264000.0,24.3,4.3,2022,2024-09-12,barang sesuai deskripsi pengiriman cepat
CUST-1056,Bandung,Kartu Kredit,P,Tidak,Tidak,Tinggi,Bronze,28,15,24,1008000.0,23.6,3.7,2023,2025-04-10,penjual responsif pelayanan memuaskan
CUST-0959,Surabaya,Transfer Bank,L,Tidak,Tidak,Rendah,Silver,29,16,43,2441000.0,22.5,2.5,2023,2024-08-26,produk tidak sesuai deskripsi
CUST-0173,Jakarta,Kartu Kredit,P,Ya,Tidak,Rendah,Bronze,47,19,7,755000.0,24.1,4.5,2022,2025-06-24,pengiriman lama kemasan rusak
CUST-0451,Jakarta,COD,P,Tidak,Tidak,Tinggi,Bronze,30,10,28,585000.0,18.4,4.7,2023,2025-02-12,penjual responsif pelayanan memuaskan
CUST-0126,Surabaya,Kartu Kredit,L,Tidak,Tidak,Sangat Tinggi,Bronze,42,6,34,172000.0,19.8,5.0,2023,2025-05-23,sangat puas belanja lagi di sini
CUST-0986,Makassar,E-Wallet,L,Tidak,Tidak,Sedang,Silver,44,27,43,2489000.0,38.1,3.3,2021,2024-09-10,kualitas produk standar harga wajar
CUST-0531,Bandung,Transfer Bank,L,Ya,Tidak,Sedang,Bronze,23,15,36,1428000.0,17.2,4.7,2023,2024-08-29,cukup baik walau kemasan kurang rapi
CUST-0858,Medan,E-Wallet,L,Tidak,Tidak,Tinggi,Bronze,39,9,28,882000.0,20.4,4.0,2023,2025-05-18,produk bagus harga sesuai kualitas
CUST-0714,Makassar,E-Wallet,P,Tidak,Ya,Sedang,Silver,51,22,30,,38.2,3.9,2021,2025-04-29,cukup baik walau kemasan kurang rapi
CUST-0091,Jakarta,Transfer Bank,P,Tidak,Tidak,Tinggi,Bronze,31,1,31,,4.9,3.7,2024,2024-08-15,produk bagus harga sesuai kualitas
CUST-1454,Makassar,COD,P,Ya,Tidak,Sedang,Bronze,26,17,28,1128000.0,36.6,4.1,2021,2024-09-29,barang sesuai tapi pengiriman agak lama
CUST-0182,Makassar,Kartu Kredit,L,Ya,Tidak,Sedang,Bronze,31,16,22,601000.0,32.1,4.8,2022,2024-12-17,barang sesuai tapi pengiriman agak lama
CUST-0876,Medan,Transfer Bank,L,Tidak,Ya,Tinggi,Silver,17,20,24,2700000.0,30.5,4.3,2022,2024-07-13,produk bagus harga sesuai kualitas
CUST-1014,Makassar,Transfer Bank,L,Tidak,Tidak,Sedang,Bronze,36,20,45,848000.0,43.4,3.6,2021,2024-10-13,cukup baik walau kemasan kurang rapi
CUST-0787,Medan,COD,P,Tidak,Tidak,Tinggi,Bronze,33,14,5,1973000.0,27.7,3.9,2022,2025-01-11,produk bagus harga sesuai kualitas
CUST-0415,Jakarta,Transfer Bank,L,Tidak,Tidak,Sedang,Bronze,23,12,14,1299000.0,32.5,4.3,2022,2025-03-08,kualitas produk standar harga wajar
CUST-0252,Medan,Transfer Bank,P,Tidak,Ya,Tinggi,Bronze,33,4,4,646000.0,13.1,3.8,2023,2024-06-20,penjual responsif pelayanan memuaskan
CUST-0070,Surabaya,E-Wallet,L,Tidak,Tidak,Sangat Tinggi,Bronze,30,11,41,1653000.0,9.1,4.4,2024,2024-12-03,kualitas produk bagus penjual ramah
CUST-0804,Bandung,E-Wallet,L,Tidak,Tidak,Tinggi,Bronze,29,5,27,,23.4,4.2,2023,2025-01-21,pengiriman cepat barang aman sampai
CUST-0132,Makassar,Kartu Kredit,P,Tidak,Tidak,Tinggi,Bronze,33,23,44,626000.0,38.8,3.7,2021,2025-05-16,produk bagus harga sesuai kualitas
CUST-0301,Medan,E-Wallet,P,Tidak,Tidak,Sangat Tinggi,Bronze,42,3,14,182000.0,13.1,4.7,2023,2025-05-15,sangat puas belanja lagi di sini
CUST-1028,Surabaya,COD,P,Tidak,Ya,Tinggi,Bronze,20,2,26,89000.0,15.8,4.4,2023,2025-02-13,pengiriman cepat barang aman sampai
CUST-0327,Medan,E-Wallet,L,Tidak,Tidak,Sangat Tinggi,Silver,49,33,26,5506000.0,50.9,4.6,2020,2025-06-20,kualitas produk bagus penjual ramah
CUST-1468,Jakarta,Transfer Bank,P,Tidak,Tidak,Tinggi,Bronze,42,7,9,691000.0,11.6,3.7,2024,2024-08-09,produk bagus harga sesuai kualitas
CUST-1117,Jakarta,Transfer Bank,P,Tidak,Ya,Tinggi,Silver,39,14,16,2722000.0,23.6,4.3,2023,2024-12-28,pengiriman cepat barang aman sampai
CUST-0500,Surabaya,E-Wallet,P,Tidak,Ya,Sangat Tinggi,Silver,58,16,13,2744000.0,35.6,4.8,2022,2025-04-01,barang sesuai deskripsi pengiriman cepat
CUST-1041,Jakarta,E-Wallet,L,Tidak,Tidak,Sangat Tinggi,Bronze,42,9,40,1015000.0,40.0,4.5,2021,2024-10-16,sangat puas belanja lagi di sini
CUST-0833,Surabaya,Kartu Kredit,L,Tidak,Tidak,Sedang,Bronze,36,8,25,1549000.0,16.2,3.6,2023,2024-06-10,cukup baik walau kemasan kurang rapi
CUST-0365,Bandung,E-Wallet,L,Tidak,Ya,Tinggi,Silver,34,25,36,4509000.0,52.3,4.1,2020,2024-07-15,penjual responsif pelayanan memuaskan
CUST-0496,Surabaya,Kartu Kredit,P,Tidak,Tidak,Sedang,Bronze,38,4,40,477000.0,1.7,3.7,2024,2025-03-02,barang sesuai tapi pengiriman agak lama
CUST-1398,Makassar,Transfer Bank,P,Tidak,Tidak,Sangat Tinggi,Bronze,61,17,35,,19.8,4.2,2023,2024-09-04,sangat puas belanja lagi di sini
CUST-0339,Jakarta,Kartu Kredit,L,Tidak,Ya,Sangat Tinggi,Bronze,32,5,18,860000.0,9.9,4.9,2024,2024-07-24,kualitas produk bagus penjual ramah
CUST-0422,Jakarta,E-Wallet,L,Tidak,Ya,Rendah,Silver,37,24,35,5126000.0,32.1,3.6,2022,2025-04-07,pengiriman lama kemasan rusak
CUST-0165,Surabaya,COD,P,Tidak,Tidak,Rendah,Silver,46,26,1,2145000.0,53.6,3.0,2020,2024-06-25,pengiriman lama kemasan rusak
CUST-0029,Jakarta,Transfer Bank,P,Tidak,Tidak,Rendah,Silver,20,31,43,6572000.0,55.5,3.0,2020,2024-11-14,produk tidak sesuai deskripsi
CUST-0517,Jakarta,Transfer Bank,P,Tidak,Ya,Sedang,Silver,23,36,28,3133000.0,44.2,4.4,2021,2025-05-21,cukup baik walau kemasan kurang rapi
CUST-0194,Medan,Kartu Kredit,P,Tidak,Tidak,Sedang,Bronze,49,12,16,292000.0,29.7,3.7,2022,2025-03-05,kualitas produk standar harga wajar
CUST-1034,Makassar,Transfer Bank,P,Tidak,Tidak,Sangat Tinggi,Bronze,41,1,28,53000.0,8.3,4.8,2024,2024-06-26,kualitas produk bagus penjual ramah
CUST-1365,Surabaya,E-Wallet,P,Tidak,Tidak,Sedang,Bronze,45,8,11,412000.0,11.9,3.6,2024,2024-11-05,barang sesuai tapi pengiriman agak lama
CUST-0946,Jakarta,E-Wallet,P,Tidak,Tidak,Tinggi,Silver,29,17,27,4090000.0,46.7,4.4,2021,2024-10-31,produk bagus harga sesuai kualitas
CUST-1443,Jakarta,Kartu Kredit,P,Tidak,Tidak,Sangat Tinggi,Gold,22,30,12,12286000.0,43.1,4.2,2021,2024-08-14,barang sesuai deskripsi pengiriman cepat
CUST-0170,Makassar,Kartu Kredit,P,Tidak,Ya,Tinggi,Silver,24,21,19,2382000.0,42.2,5.0,2021,2024-08-04,produk bagus harga sesuai kualitas
CUST-0168,Medan,Transfer Bank,L,Tidak,Tidak,Sedang,Bronze,34,16,8,480000.0,28.2,4.1,2022,2025-02-27,cukup baik walau kemasan kurang rapi
CUST-0653,Bandung,Kartu Kredit,L,Tidak,Tidak,Tinggi,Bronze,24,26,7,1243000.0,40.5,3.6,2021,2024-11-18,penjual responsif pelayanan memuaskan
CUST-0174,Makassar,Transfer Bank,P,Tidak,Tidak,Sangat Tinggi,Bronze,50,13,10,697000.0,26.3,4.2,2022,2024-12-06,kualitas produk bagus penjual ramah
CUST-0519,Jakarta,E-Wallet,P,Tidak,Tidak,Sedang,Bronze,30,10,31,1052000.0,13.4,4.3,2023,2024-09-29,kualitas produk standar harga wajar
CUST-1217,Jakarta,E-Wallet,P,Tidak,Tidak,Sangat Tinggi,Silver,29,27,19,5120000.0,41.8,5.0,2021,2024-10-23,barang sesuai deskripsi pengiriman cepat
CUST-1325,Jakarta,COD,L,Tidak,Ya,Sangat Tinggi,Silver,37,20,30,3126000.0,44.1,5.0,2021,2024-12-25,barang sesuai deskripsi pengiriman cepat
CUST-0913,Makassar,E-Wallet,P,Tidak,Ya,Sangat Tinggi,Silver,33,15,24,2737000.0,40.3,5.0,2021,2025-06-06,kualitas produk bagus penjual ramah
CUST-0492,Bandung,E-Wallet,L,Tidak,Tidak,Tinggi,Bronze,32,15,8,1448000.0,40.2,3.6,2021,2025-02-04,penjual responsif pelayanan memuaskan
CUST-0954,Jakarta,Kartu Kredit,P,Tidak,Ya,Sangat Tinggi,Silver,17,19,28,3252000.0,38.3,4.8,2021,2024-09-14,barang sesuai deskripsi pengiriman cepat
CUST-0074,Jakarta,Kartu Kredit,P,Tidak,Tidak,Sangat Tinggi,Bronze,37,1,25,359000.0,11.8,,2024,2025-02-01,barang sesuai deskripsi pengiriman cepat
CUST-1256,Medan,Kartu Kredit,L,Tidak,Tidak,Sangat Tinggi,Bronze,35,1,18,148000.0,3.9,5.0,2024,2025-04-11,sangat puas belanja lagi di sini
CUST-0588,Jakarta,E-Wallet,P,Tidak,Ya,Sangat Tinggi,Silver,26,38,3,3862000.0,58.0,3.9,2020,2024-11-03,sangat puas belanja lagi di sini
CUST-0751,Jakarta,E-Wallet,L,Tidak,Ya,Sangat Tinggi,Bronze,39,1,20,118000.0,2.0,5.0,2024,2025-05-08,sangat puas belanja lagi di sini
CUST-0658,JAKARTA,Transfer Bank,L,Tidak,Tidak,Sangat Tinggi,Silver,46,30,24,4489000.0,57.6,4.7,2020,2025-06-24,sangat puas belanja lagi di sini
CUST-0843,Surabaya,Kartu Kredit,P,Tidak,Tidak,Sedang,Silver,30,14,11,2557000.0,43.6,4.1,2021,2024-10-20,barang sesuai tapi pengiriman agak lama
CUST-0235,Makassar,Kartu Kredit,L,Tidak,Ya,Tinggi,Bronze,21,15,26,928000.0,21.8,,2023,2024-06-08,penjual responsif pelayanan memuaskan
CUST-0733,Jakarta,Transfer Bank,P,Tidak,Ya,Tinggi,Bronze,37,23,9,1268000.0,51.4,3.7,2020,2024-12-01,produk bagus harga sesuai kualitas
CUST-0215,Bandung,E-Wallet,L,Tidak,Tidak,Sedang,Silver,24,18,17,2724000.0,15.6,4.1,2023,2025-04-24,kualitas produk standar harga wajar
CUST-0163,Jakarta,Kartu Kredit,L,Tidak,Ya,Sedang,Bronze,53,13,34,1987000.0,21.1,3.9,2023,2025-05-30,barang sesuai tapi pengiriman agak lama
CUST-0133,Bandung,E-Wallet,L,Tidak,Ya,Sangat Tinggi,Silver,27,31,24,2624000.0,43.8,4.7,2021,2024-06-15,barang sesuai deskripsi pengiriman cepat
CUST-1108,Surabaya,Transfer Bank,P,Tidak,Tidak,Sedang,Bronze,52,20,11,1366000.0,34.5,4.2,2022,2024-12-28,kualitas produk standar harga wajar
CUST-0223,Bandung,Kartu Kredit,P,Tidak,Tidak,Rendah,Silver,33,21,40,4625000.0,34.3,3.6,2022,2024-08-11,penjual lambat membalas pesan
CUST-1231,Jakarta,Transfer Bank,P,Tidak,Tidak,Rendah,Bronze,39,6,14,333000.0,18.9,3.6,2023,2025-04-04,pengiriman lama kemasan rusak
CUST-0935,Medan,Kartu Kredit,P,Tidak,Tidak,Rendah,Silver,26,22,1,2759000.0,39.0,2.4,2021,2024-12-24,pengiriman lama kemasan rusak
CUST-0186,Bandung,Transfer Bank,L,Tidak,Ya,Sangat Tinggi,Silver,41,29,20,3181000.0,44.0,4.3,2021,2025-04-08,sangat puas belanja lagi di sini
CUST-0042,Medan,Transfer Bank,P,Ya,Tidak,Rendah,Bronze,17,2,37,104000.0,1.3,4.0,2024,2025-06-09,pengiriman lama kemasan rusak
CUST-0693,Jakarta,Kartu Kredit,L,Tidak,Ya,Sedang,Silver,30,25,5,3089000.0,53.7,4.1,2020,2025-03-01,kualitas produk standar harga wajar
CUST-0109,Jakarta,E-Wallet,L,Tidak,Ya,Sangat Tinggi,Silver,46,14,27,2267000.0,22.7,4.9,2023,2024-10-23,kualitas produk bagus penjual ramah
CUST-0039,Jakarta,Kartu Kredit,L,Tidak,Tidak,Sedang,Bronze,29,8,27,817000.0,14.0,,2023,2024-07-28,barang sesuai tapi pengiriman agak lama
CUST-0569,Surabaya,Transfer Bank,P,Tidak,Ya,Tinggi,Silver,25,29,17,3527000.0,37.4,3.7,2021,2025-05-18,penjual responsif pelayanan memuaskan
CUST-1000,Jakarta,E-Wallet,L,Tidak,Ya,Tinggi,Silver,20,21,29,3897000.0,44.8,4.3,2021,2024-08-29,produk bagus harga sesuai kualitas
CUST-1270,Surabaya,COD,P,Tidak,Tidak,Sedang,Bronze,44,12,4,1008000.0,22.1,3.8,2023,2025-04-19,cukup baik walau kemasan kurang rapi
CUST-1445,Jakarta,Transfer Bank,L,Ya,Tidak,Sedang,Bronze,47,1,31,90000.0,3.9,4.5,2024,2025-06-26,cukup baik walau kemasan kurang rapi
CUST-0484,Jakarta,Transfer Bank,P,Tidak,Tidak,Sangat Tinggi,Silver,24,32,25,2631000.0,44.4,5.0,2021,2025-05-09,barang sesuai deskripsi pengiriman cepat
CUST-0469,Jakarta,E-Wallet,L,Ya,Tidak,Sangat Rendah,Bronze,17,30,46,1539000.0,57.3,3.1,2020,2024-12-12,pengiriman sangat lama dan barang cacat
CUST-0891,Jakarta,E-Wallet,L,Tidak,Ya,Tinggi,Silver,38,19,45,2991000.0,37.7,3.9,2021,2024-08-06,produk bagus harga sesuai kualitas
CUST-0948,Medan,E-Wallet,L,Tidak,Ya,Tinggi,Silver,37,23,19,2029000.0,43.1,4.3,2021,2024-10-21,penjual responsif pelayanan memuaskan
CUST-0025,Medan,Kartu Kredit,L,Tidak,Ya,Sedang,Silver,20,22,20,,50.5,4.1,2020,2025-05-14,kualitas produk standar harga wajar
CUST-1322,Surabaya,E-Wallet,P,Tidak,Tidak,Rendah,Bronze,34,3,5,198000.0,3.2,3.2,2024,2024-06-09,penjual lambat membalas pesan
CUST-1201,Bandung,Kartu Kredit,L,Tidak,Tidak,Sangat Tinggi,Bronze,36,2,18,141000.0,23.1,4.9,2023,2024-10-12,sangat puas belanja lagi di sini
CUST-0069,Jakarta,E-Wallet,P,Tidak,Tidak,Rendah,Silver,56,8,52,2592000.0,18.0,2.4,2023,2025-01-07,penjual lambat membalas pesan
CUST-0885,Jakarta,Transfer Bank,P,Tidak,Tidak,Sangat Tinggi,Gold,36,31,19,10881000.0,56.3,4.7,2020,2025-06-18,kualitas produk bagus penjual ramah
CUST-0416,Jakarta,Transfer Bank,L,Tidak,Tidak,Sangat Tinggi,Bronze,17,4,19,692000.0,10.3,4.5,2024,2024-10-15,kualitas produk bagus penjual ramah
CUST-0367,Medan,COD,P,Tidak,Tidak,,Bronze,57,18,5,1377000.0,26.5,4.1,2022,2024-12-19,kualitas produk bagus penjual ramah
CUST-0506,Medan,COD,P,Tidak,Ya,Sangat Tinggi,Bronze,38,2,19,304000.0,3.4,5.0,2024,2024-08-13,barang sesuai deskripsi pengiriman cepat
CUST-0851,Jakarta,Transfer Bank,L,Tidak,Tidak,Sangat Rendah,Silver,32,39,53,6174000.0,59.7,2.5,2020,2025-06-06,barang rusak penjual tidak merespons
CUST-1319,Bandung,E-Wallet,P,Tidak,Ya,Sangat Tinggi,Bronze,37,21,25,1160000.0,28.1,4.7,2022,2024-11-23,sangat puas belanja lagi di sini
CUST-0384,Surabaya,Kartu Kredit,P,Tidak,Ya,Tinggi,Gold,43,22,25,8291000.0,45.4,4.6,2021,2025-05-26,produk bagus harga sesuai kualitas
CUST-0735,Jakarta,Kartu Kredit,L,Tidak,Ya,Sedang,Bronze,38,9,17,951000.0,6.8,4.6,2024,2025-04-06,barang sesuai tapi pengiriman agak lama
CUST-0718,Jakarta,COD,P,Ya,Ya,Sangat Rendah,Silver,44,31,46,2402000.0,50.6,2.7,2020,2024-11-12,sangat kecewa produk tidak sesuai
CUST-1339,Medan,E-Wallet,P,Tidak,Ya,,Bronze,28,1,24,150000.0,8.8,4.1,2024,2025-01-07,pengiriman cepat barang aman sampai
CUST-0455,Jakarta,COD,P,Tidak,Tidak,Sangat Tinggi,Silver,39,22,25,2937000.0,40.4,4.4,2021,2024-10-24,kualitas produk bagus penjual ramah
CUST-0265,Makassar,Transfer Bank,L,Tidak,Tidak,Rendah,Bronze,36,15,45,955000.0,27.7,3.1,2022,2024-08-05,pengiriman lama kemasan rusak
CUST-0076,Jakarta,Transfer Bank,P,Tidak,Ya,Tinggi,Bronze,45,11,19,1360000.0,31.9,4.4,2022,2025-06-16,pengiriman cepat barang aman sampai
CUST-0915,Makassar,E-Wallet,L,Tidak,Ya,Tinggi,Gold,18,25,16,8378000.0,45.2,4.1,2021,2024-11-07,produk bagus harga sesuai kualitas
CUST-0233,Makassar,Kartu Kredit,P,Tidak,Tidak,Sangat Tinggi,Gold,43,26,30,15956000.0,49.3,4.2,2020,2025-03-21,barang sesuai deskripsi pengiriman cepat
CUST-0445,Jakarta,Kartu Kredit,P,Tidak,Ya,Tinggi,Bronze,-21,1,19,92000.0,14.3,4.7,2023,2025-05-14,pengiriman cepat barang aman sampai
CUST-0396,Surabaya,Transfer Bank,P,Tidak,Ya,Sangat Rendah,Silver,37,22,1,2457000.0,45.8,2.7,2021,2025-06-23,barang rusak penjual tidak merespons
CUST-0612,Bandung,E-Wallet,L,Tidak,Tidak,Sedang,Bronze,39,9,10,614000.0,16.1,4.2,2023,2024-10-20,barang sesuai tapi pengiriman agak lama
CUST-0177,Surabaya,Kartu Kredit,P,Tidak,Tidak,Tinggi,Bronze,35,22,9,566000.0,42.7,4.0,2021,2025-05-26,penjual responsif pelayanan memuaskan
CUST-0019,Medan,Transfer Bank,L,Tidak,Ya,Sangat Tinggi,Silver,44,36,23,7767000.0,44.9,5.0,2021,2024-11-28,kualitas produk bagus penjual ramah
CUST-1314,Jakarta,Transfer Bank,P,Tidak,Ya,Rendah,Silver,22,20,10,5374000.0,37.5,3.1,2021,2025-05-15,produk tidak sesuai deskripsi
CUST-1059,Surabaya,E-Wallet,L,Tidak,Ya,Sangat Tinggi,Silver,47,27,28,,35.5,4.1,2022,2025-06-10,barang sesuai deskripsi pengiriman cepat
CUST-0342,Makassar,E-Wallet,P,Tidak,Tidak,Tinggi,Silver,41,24,21,2366000.0,54.4,4.0,2020,2025-04-06,penjual responsif pelayanan memuaskan
CUST-1042,Bandung,E-Wallet,P,Tidak,Tidak,Sangat Tinggi,Bronze,43,1,33,42000.0,12.6,4.5,2023,2024-07-20,barang sesuai deskripsi pengiriman cepat
CUST-0880,Bandung,Kartu Kredit,L,Tidak,Ya,Tinggi,Bronze,30,10,16,750000.0,7.4,4.7,2024,2024-09-21,produk bagus harga sesuai kualitas
CUST-0596,Jakarta,E-Wallet,P,Tidak,Tidak,Sangat Tinggi,Bronze,31,15,39,1156000.0,21.6,4.3,2023,2024-08-08,barang sesuai deskripsi pengiriman cepat
CUST-0062,Surabaya,E-Wallet,L,Tidak,Tidak,Sedang,Bronze,38,8,4,1058000.0,24.8,4.0,2022,2024-08-23,kualitas produk standar harga wajar
CUST-0873,Makassar,E-Wallet,L,Ya,Tidak,Sedang,Bronze,29,9,21,271000.0,26.8,4.2,2022,2024-09-19,kualitas produk standar harga wajar
CUST-1489,Makassar,Transfer Bank,L,Tidak,Tidak,Sangat Tinggi,Bronze,32,4,34,267000.0,10.5,4.5,2024,2024-09-27,kualitas produk bagus penjual ramah
CUST-1410,Bandung,E-Wallet,L,Tidak,Ya,Tinggi,Bronze,35,13,41,,13.5,3.7,2023,2024-09-12,penjual responsif pelayanan memuaskan
CUST-0279,Medan,E-Wallet,L,Tidak,Tidak,Sangat Tinggi,Bronze,41,23,18,845000.0,45.2,5.0,2021,2025-04-15,sangat puas belanja lagi di sini
CUST-0037,Jakarta,Kartu Kredit,P,Tidak,Tidak,Sedang,Silver,17,30,15,5277000.0,54.8,4.0,2020,2025-02-06,barang sesuai tapi pengiriman agak lama
CUST-0663,JAKARTA,E-Wallet,P,Tidak,Tidak,Tinggi,Bronze,36,2,22,220000.0,9.0,5.0,2024,2025-04-27,produk bagus harga sesuai kualitas
CUST-1355,Medan,Kartu Kredit,P,Ya,Tidak,Sangat Rendah,Bronze,32,17,44,1382000.0,29.8,3.7,2022,2024-11-27,barang rusak penjual tidak merespons
CUST-1092,Bandung,COD,P,Tidak,Ya,Sedang,Silver,17,20,32,2007000.0,34.9,4.6,2022,2025-01-03,cukup baik walau kemasan kurang rapi
CUST-0978,Surabaya,Transfer Bank,L,Tidak,Ya,Sangat Tinggi,Bronze,22,5,30,210000.0,12.6,4.6,2023,2024-09-02,kualitas produk bagus penjual ramah
CUST-0739,Surabaya,E-Wallet,P,Tidak,Ya,Rendah,Silver,47,29,50,2571000.0,47.8,3.0,2021,2025-03-10,penjual lambat membalas pesan
CUST-0192,Jakarta,COD,L,Tidak,Tidak,Sedang,Bronze,37,1,5,178000.0,9.0,3.3,2024,2025-01-23,barang sesuai tapi pengiriman agak lama
CUST-0920,Surabaya,COD,L,Tidak,Ya,Rendah,Silver,31,19,38,2022000.0,36.1,3.7,2021,2024-08-01,penjual lambat membalas pesan
CUST-0457,Makassar,E-Wallet,P,Tidak,Tidak,Tinggi,Bronze,43,13,41,1082000.0,28.9,4.0,2022,2025-05-22,penjual responsif pelayanan memuaskan
CUST-0676,Surabaya,E-Wallet,P,Ya,Tidak,Sangat Rendah,Bronze,42,6,52,1026000.0,9.1,3.1,2024,2024-07-31,sangat kecewa produk tidak sesuai
CUST-0761,Bandung,Kartu Kredit,P,Tidak,Ya,,Bronze,17,1,29,150000.0,3.6,4.3,2024,2025-04-12,pengiriman cepat barang aman sampai
CUST-1356,Jakarta,COD,P,Tidak,Ya,Rendah,Silver,32,17,37,2234000.0,23.7,3.7,2023,2025-06-03,penjual lambat membalas pesan
CUST-0729,Surabaya,Transfer Bank,P,Tidak,Tidak,Sedang,Bronze,38,14,1,1132000.0,45.4,2.9,2021,2024-08-07,kualitas produk standar harga wajar
CUST-0413,Jakarta,COD,P,Tidak,Ya,Sangat Tinggi,Silver,34,23,19,2001000.0,26.6,4.5,2022,2024-09-05,sangat puas belanja lagi di sini
CUST-0826,Jakarta,COD,P,Tidak,Ya,Sangat Tinggi,Silver,31,22,21,3019000.0,33.9,4.9,2022,2025-06-15,sangat puas belanja lagi di sini
CUST-0617,Bandung,Transfer Bank,L,Tidak,Tidak,Sangat Tinggi,Bronze,43,5,22,,25.3,4.9,2022,2025-05-20,kualitas produk bagus penjual ramah
CUST-0115,Jakarta,Kartu Kredit,L,Tidak,Tidak,Tinggi,Bronze,48,20,11,1866000.0,25.3,4.4,2022,2024-07-11,pengiriman cepat barang aman sampai
CUST-0418,Medan,Kartu Kredit,P,Tidak,Tidak,Rendah,Bronze,34,2,38,582000.0,13.0,3.0,2023,2024-12-23,pengiriman lama kemasan rusak
CUST-1432,Bandung,Transfer Bank,P,Tidak,Tidak,Sangat Tinggi,Silver,18,29,27,3057000.0,39.2,5.0,2021,2024-11-02,kualitas produk bagus penjual ramah
CUST-0970,JAKARTA,E-Wallet,L,Tidak,Ya,Sedang,Gold,33,23,3,8849000.0,34.5,3.3,2022,2024-11-07,cukup baik walau kemasan kurang rapi
CUST-0605,Makassar,E-Wallet,P,Tidak,Ya,Sangat Tinggi,Silver,46,37,26,4425000.0,44.2,4.2,2021,2024-08-10,sangat puas belanja lagi di sini
CUST-1492,Medan,Kartu Kredit,P,Tidak,Tidak,Rendah,Silver,37,29,34,2130000.0,60.0,3.7,2020,2025-03-22,pengiriman lama kemasan rusak
CUST-0090,Surabaya,Transfer Bank,P,Tidak,Ya,Sangat Tinggi,Gold,31,40,23,11200000.0,44.0,,2021,2025-04-07,kualitas produk bagus penjual ramah
CUST-0849,Jakarta,Transfer Bank,L,Tidak,Tidak,Rendah,Bronze,48,11,44,1125000.0,12.9,3.8,2023,2025-03-05,penjual lambat membalas pesan
CUST-1149,Surabaya,E-Wallet,L,Tidak,Ya,Tinggi,Silver,18,23,4,4759000.0,44.0,4.0,2021,2024-08-17,penjual responsif pelayanan memuaskan
CUST-1437,Jakarta,E-Wallet,P,Tidak,Tidak,Sedang,Bronze,37,3,9,336000.0,6.3,3.7,2024,2024-08-13,kualitas produk standar harga wajar
CUST-0754,Surabaya,E-Wallet,P,Tidak,Tidak,Sedang,Silver,58,34,27,5524000.0,54.7,3.6,2020,2025-05-30,cukup baik walau kemasan kurang rapi
CUST-0499,Surabaya,Kartu Kredit,L,Tidak,Ya,Tinggi,Bronze,59,17,15,1706000.0,23.1,4.2,2023,2024-07-05,produk bagus harga sesuai kualitas
CUST-0012,Makassar,Transfer Bank,P,Tidak,Ya,Tinggi,Silver,49,27,40,2801000.0,42.5,4.3,2021,2024-08-23,pengiriman cepat barang aman sampai
CUST-0397,Medan,E-Wallet,L,Tidak,Tidak,Sangat Tinggi,Silver,29,32,16,2184000.0,47.8,,2021,2024-10-03,sangat puas belanja lagi di sini
CUST-0285,Bandung,Transfer Bank,L,Tidak,Tidak,Sangat Tinggi,Silver,42,33,14,3332000.0,50.5,5.0,2020,2025-01-15,barang sesuai deskripsi pengiriman cepat
CUST-0691,Jakarta,Transfer Bank,L,Tidak,Tidak,Sangat Tinggi,Bronze,25,5,16,1139000.0,27.6,4.5,2022,2024-07-01,sangat puas belanja lagi di sini
CUST-1234,Bandung,E-Wallet,P,Tidak,Tidak,Tinggi,Bronze,27,13,23,889000.0,23.1,4.6,2023,2024-07-30,produk bagus harga sesuai kualitas
CUST-1407,Makassar,COD,P,Tidak,Tidak,Tinggi,Silver,31,44,43,4097000.0,57.6,4.1,2020,2025-05-29,produk bagus harga sesuai kualitas
CUST-0690,Surabaya,COD,L,Tidak,Tidak,Sangat Tinggi,Bronze,37,17,23,1936000.0,29.1,,2022,2025-03-07,kualitas produk bagus penjual ramah
CUST-0852,Jakarta,Kartu Kredit,L,Tidak,Tidak,Sangat Tinggi,Bronze,20,12,17,1069000.0,22.9,4.9,2023,2024-07-10,barang sesuai deskripsi pengiriman cepat
CUST-0160,Medan,Transfer Bank,L,Tidak,Tidak,Sangat Tinggi,Silver,30,38,25,2017000.0,56.0,5.0,2020,2024-10-28,kualitas produk bagus penjual ramah
CUST-0896,Medan,COD,P,Tidak,Tidak,Sedang,Bronze,38,5,8,,8.3,4.0,2024,2025-03-08,cukup baik walau kemasan kurang rapi
CUST-1193,Medan,Kartu Kredit,P,Tidak,Ya,,Bronze,44,10,26,413000.0,33.7,4.3,2022,2025-02-18,penjual responsif pelayanan memuaskan
CUST-0258,Jakarta,COD,L,Tidak,Tidak,Rendah,Bronze,31,1,16,179000.0,7.5,3.4,2024,2025-01-11,penjual lambat membalas pesan
CUST-0336,Bandung,Transfer Bank,L,Tidak,Ya,Sangat Tinggi,Bronze,17,1,17,109000.0,23.4,5.0,2023,2025-01-14,sangat puas belanja lagi di sini
CUST-1411,Medan,Kartu Kredit,L,Tidak,Ya,Tinggi,Silver,17,29,16,3617000.0,46.1,4.2,2021,2025-02-01,produk bagus harga sesuai kualitas
CUST-1040,Jakarta,E-Wallet,P,Ya,Tidak,Rendah,Silver,22,26,29,4662000.0,55.7,3.9,2020,2025-05-15,produk tidak sesuai deskripsi
CUST-0516,Jakarta,E-Wallet,P,Tidak,Ya,Tinggi,Silver,30,27,33,2722000.0,28.7,3.9,2022,2024-07-23,penjual responsif pelayanan memuaskan
CUST-1016,Jakarta,Kartu Kredit,P,Tidak,Tidak,Tinggi,Silver,43,25,1,2817000.0,58.1,4.0,2020,2025-02-04,pengiriman cepat barang aman sampai
CUST-0769,Jakarta,Kartu Kredit,P,Tidak,Tidak,Sangat Tinggi,Bronze,21,21,42,1252000.0,49.4,4.3,2020,2024-06-04,kualitas produk bagus penjual ramah
CUST-1320,Medan,COD,L,Tidak,Tidak,Sedang,Bronze,48,8,38,,20.3,4.4,2023,2024-07-22,kualitas produk standar harga wajar
CUST-0762,Jakarta,COD,L,Tidak,Tidak,Rendah,Silver,62,19,45,3689000.0,35.9,3.1,2022,2024-12-26,produk tidak sesuai deskripsi
CUST-1106,Medan,Transfer Bank,L,Tidak,Ya,Sangat Tinggi,Bronze,41,4,15,1107000.0,3.6,4.9,2024,2025-05-20,kualitas produk bagus penjual ramah
CUST-0522,Surabaya,Transfer Bank,P,Tidak,Ya,Sangat Tinggi,Bronze,29,8,27,955000.0,27.5,5.0,2022,2024-11-26,kualitas produk bagus penjual ramah
CUST-0023,Makassar,COD,L,Tidak,Tidak,Rendah,Bronze,40,1,26,74000.0,8.8,3.6,2024,2024-08-06,produk tidak sesuai deskripsi
CUST-0357,Medan,Transfer Bank,P,Tidak,Ya,Tinggi,Bronze,30,18,2,1637000.0,20.4,3.7,2023,2024-09-03,pengiriman cepat barang aman sampai
CUST-1275,Jakarta,Kartu Kredit,L,Tidak,Tidak,Sangat Tinggi,Bronze,72,11,32,,42.9,5.0,2021,2024-12-16,sangat puas belanja lagi di sini
CUST-0341,jakarta ,Transfer Bank,L,Tidak,Tidak,Sedang,Silver,50,26,41,3960000.0,52.5,3.9,2020,2025-04-07,barang sesuai tapi pengiriman agak lama
CUST-0432,Medan,E-Wallet,P,Tidak,Tidak,Sangat Tinggi,Bronze,23,20,18,1728000.0,27.1,,2022,2024-07-09,barang sesuai deskripsi pengiriman cepat
CUST-0474,Jakarta,E-Wallet,L,Tidak,Ya,Tinggi,Silver,31,17,19,3530000.0,34.5,4.6,2022,2024-08-27,produk bagus harga sesuai kualitas
CUST-0218,Jakarta,E-Wallet,L,Tidak,Tidak,Sangat Tinggi,Silver,54,15,30,4486000.0,42.0,4.4,2021,2024-06-04,barang sesuai deskripsi pengiriman cepat
CUST-0912,Medan,COD,L,Tidak,Tidak,Rendah,Silver,40,23,49,2070000.0,36.6,2.9,2021,2025-02-25,pengiriman lama kemasan rusak
CUST-1300,Surabaya,Kartu Kredit,P,Tidak,Tidak,,Bronze,40,22,31,1562000.0,38.9,4.7,2021,2024-07-04,barang sesuai deskripsi pengiriman cepat
CUST-1012,Bandung,E-Wallet,L,Tidak,Tidak,Rendah,Bronze,31,31,1,1533000.0,58.6,3.0,2020,2024-11-24,pengiriman lama kemasan rusak
CUST-1462,Surabaya,COD,L,Tidak,Tidak,Tinggi,Silver,41,23,17,7027000.0,34.8,4.5,2022,2024-10-27,penjual responsif pelayanan memuaskan
CUST-0094,Surabaya,E-Wallet,P,Tidak,Tidak,Tinggi,Bronze,46,5,21,435000.0,36.8,4.5,2021,2024-06-06,produk bagus harga sesuai kualitas
CUST-1009,Bandung,E-Wallet,L,Tidak,Tidak,Sedang,Bronze,54,4,6,435000.0,1.1,3.5,2024,2024-10-13,kualitas produk standar harga wajar
CUST-1071,Medan,Transfer Bank,L,Tidak,Ya,Sangat Tinggi,Bronze,25,24,13,998000.0,40.3,4.2,2021,2024-10-12,sangat puas belanja lagi di sini
CUST-1093,Jakarta,E-Wallet,P,Tidak,Tidak,Sangat Tinggi,Silver,23,19,33,5105000.0,50.4,4.7,2020,2024-08-07,sangat puas belanja lagi di sini
CUST-0697,Bandung,Transfer Bank,L,Tidak,Ya,Sedang,Bronze,46,2,31,116000.0,21.2,4.4,2023,2024-07-13,kualitas produk standar harga wajar
CUST-0997,Bandung,E-Wallet,L,Tidak,Tidak,Sedang,Bronze,41,25,34,1135000.0,44.4,3.7,2021,2024-10-12,barang sesuai tapi pengiriman agak lama
CUST-0154,Surabaya,Transfer Bank,L,Tidak,Ya,Sangat Tinggi,Bronze,34,11,24,1536000.0,17.7,4.4,2023,2025-03-24,kualitas produk bagus penjual ramah
CUST-1303,Bandung,Transfer Bank,P,Tidak,Tidak,Sedang,Bronze,38,10,1,792000.0,52.9,4.0,2020,2025-01-13,kualitas produk standar harga wajar
CUST-0690,Surabaya,COD,L,Tidak,Tidak,Sangat Tinggi,Bronze,37,17,23,1936000.0,29.1,,2022,2025-03-07,kualitas produk bagus penjual ramah
CUST-0790,Bandung,Transfer Bank,P,Tidak,Ya,Sangat Tinggi,Silver,41,28,20,4909000.0,50.9,4.0,2020,2025-06-29,barang sesuai deskripsi pengiriman cepat
CUST-0581,Surabaya,E-Wallet,P,Tidak,Ya,Sangat Rendah,Silver,47,23,12,2832000.0,49.4,3.5,2020,2024-08-04,barang rusak penjual tidak merespons
CUST-0704,Medan,Transfer Bank,P,Tidak,Tidak,Tinggi,Bronze,47,13,22,1349000.0,8.2,4.3,2024,2024-09-22,penjual responsif pelayanan memuaskan
CUST-1262,Surabaya,COD,P,Tidak,Ya,Sangat Tinggi,Silver,41,17,10,5043000.0,49.8,4.2,2020,2024-12-13,kualitas produk bagus penjual ramah
CUST-0488,Jakarta,Kartu Kredit,P,Tidak,Tidak,Sangat Tinggi,Silver,29,21,18,3540000.0,39.9,4.7,2021,2025-03-21,sangat puas belanja lagi di sini
CUST-0560,Surabaya,Transfer Bank,P,Ya,Tidak,Sedang,Bronze,17,8,12,1485000.0,14.6,4.2,2023,2025-06-25,barang sesuai tapi pengiriman agak lama
CUST-0802,Jakarta,Kartu Kredit,L,Tidak,Tidak,Sedang,Silver,41,25,45,4794000.0,40.2,3.3,2021,2024-07-26,barang sesuai tapi pengiriman agak lama
CUST-0513,Jakarta,Transfer Bank,P,Tidak,Tidak,Sedang,Bronze,26,5,49,830000.0,11.6,3.6,2024,2024-07-28,cukup baik walau kemasan kurang rapi
CUST-0634,Surabaya,COD,L,Tidak,Ya,Sangat Tinggi,Bronze,17,17,27,,35.2,4.6,2022,2024-06-30,barang sesuai deskripsi pengiriman cepat
CUST-1114,Makassar,Kartu Kredit,P,Tidak,Ya,Tinggi,Silver,29,27,39,2504000.0,32.3,,2022,2024-09-13,pengiriman cepat barang aman sampai
CUST-1341,Jakarta,Kartu Kredit,L,Tidak,Tidak,Sangat Tinggi,Silver,38,19,33,4576000.0,33.3,4.3,2022,2024-08-23,sangat puas belanja lagi di sini
CUST-0791,Jakarta,COD,L,Tidak,Tidak,Sedang,Bronze,44,3,26,612000.0,23.1,3.6,2023,2024-09-07,barang sesuai tapi pengiriman agak lama
CUST-0117,Bandung,Transfer Bank,L,Tidak,Tidak,Sangat Tinggi,Bronze,35,21,15,998000.0,23.8,4.5,2023,2024-10-04,kualitas produk bagus penjual ramah
CUST-0741,Jakarta,Transfer Bank,L,Tidak,Tidak,Sedang,Silver,55,21,39,,36.3,4.1,2021,2025-06-22,kualitas produk standar harga wajar
CUST-1082,Makassar,Kartu Kredit,L,Tidak,Ya,Sedang,Silver,40,24,29,2076000.0,50.5,4.0,2020,2025-06-12,cukup baik walau kemasan kurang rapi
CUST-0831,Bandung,E-Wallet,L,Tidak,Tidak,Tinggi,Bronze,27,16,20,890000.0,30.1,4.3,2022,2025-05-16,produk bagus harga sesuai kualitas
CUST-0120,Bandung,Transfer Bank,L,Tidak,Tidak,Tinggi,Bronze,17,1,11,252000.0,1.0,4.3,2024,2025-05-05,produk bagus harga sesuai kualitas
CUST-0657,Medan,Transfer Bank,L,Tidak,Tidak,Tinggi,Bronze,17,23,40,1276000.0,36.4,,2021,2025-06-10,pengiriman cepat barang aman sampai
CUST-0636,Jakarta,E-Wallet,L,Tidak,Tidak,Sangat Tinggi,Bronze,44,1,13,176000.0,16.5,4.8,2023,2024-09-17,sangat puas belanja lagi di sini
CUST-0370,Makassar,Kartu Kredit,L,Tidak,Tidak,Rendah,Bronze,29,19,44,1152000.0,42.4,3.5,2021,2024-07-08,pengiriman lama kemasan rusak
CUST-0269,Jakarta,Transfer Bank,P,Tidak,Tidak,Sedang,Bronze,52,1,8,382000.0,3.2,4.1,2024,2025-01-10,barang sesuai tapi pengiriman agak lama
CUST-0656,Surabaya,Kartu Kredit,L,Ya,Tidak,Rendah,Silver,27,13,18,2133000.0,23.2,3.9,2023,2025-05-06,penjual lambat membalas pesan
CUST-0936,Jakarta,COD,L,Tidak,Ya,Sangat Tinggi,Silver,31,20,16,2363000.0,42.7,5.0,2021,2024-10-19,barang sesuai deskripsi pengiriman cepat
CUST-0823,Jakarta,E-Wallet,P,Tidak,Ya,Sangat Tinggi,Silver,32,20,21,2054000.0,29.9,4.8,2022,2024-07-05,barang sesuai deskripsi pengiriman cepat
CUST-0867,Medan,Transfer Bank,P,Tidak,Ya,Tinggi,Bronze,25,8,19,747000.0,31.5,3.9,2022,2024-09-07,pengiriman cepat barang aman sampai
CUST-0047,Surabaya,Transfer Bank,L,Tidak,Tidak,Sedang,Bronze,26,11,29,1624000.0,24.2,3.6,2022,2025-01-17,barang sesuai tapi pengiriman agak lama
CUST-1294,Jakarta,COD,P,Tidak,Tidak,Sedang,Bronze,41,3,1,332000.0,9.5,3.5,2024,2025-01-20,cukup baik walau kemasan kurang rapi
CUST-0992,Bandung,E-Wallet,L,Tidak,Ya,Sangat Tinggi,Bronze,31,1,16,84000.0,16.2,,2023,2024-11-05,sangat puas belanja lagi di sini
CUST-0877,Surabaya,Kartu Kredit,L,Tidak,Ya,Sangat Tinggi,Silver,28,11,23,2236000.0,2.5,5.0,2024,2024-06-08,sangat puas belanja lagi di sini
CUST-0774,Medan,Kartu Kredit,P,Tidak,Ya,Sangat Tinggi,Silver,48,35,34,3544000.0,58.6,4.9,2020,2024-08-20,kualitas produk bagus penjual ramah
CUST-0181,Makassar,Kartu Kredit,P,Tidak,Ya,Sedang,Bronze,30,10,28,1518000.0,3.2,3.5,2024,2024-09-27,cukup baik walau kemasan kurang rapi
CUST-0005,Jakarta,Kartu Kredit,L,Tidak,Tidak,Sedang,Bronze,39,1,30,60000.0,4.6,4.3,2024,2024-11-30,kualitas produk standar harga wajar
CUST-1004,Jakarta,Kartu Kredit,L,Tidak,Ya,Sedang,Silver,31,29,17,3403000.0,32.2,3.6,2022,2025-06-05,cukup baik walau kemasan kurang rapi
CUST-1305,Medan,Transfer Bank,L,Tidak,Ya,Rendah,Silver,36,18,7,2222000.0,32.3,3.8,2022,2025-03-27,pengiriman lama kemasan rusak
CUST-0264,Jakarta,Transfer Bank,L,Tidak,Tidak,Sedang,Silver,33,31,12,3224000.0,42.6,,2021,2025-05-18,kualitas produk standar harga wajar
CUST-1235,Jakarta,Transfer Bank,L,Tidak,Ya,Sangat Tinggi,Silver,43,30,34,5446000.0,36.7,5.0,2021,2025-01-03,sangat puas belanja lagi di sini
CUST-1373,Surabaya,Transfer Bank,P,Tidak,Ya,Tinggi,Bronze,38,15,33,888000.0,32.6,4.2,2022,2024-08-18,produk bagus harga sesuai kualitas
CUST-0444,Jakarta,Transfer Bank,L,Tidak,Tidak,Rendah,Bronze,24,24,49,1349000.0,49.0,3.1,2020,2024-06-04,pengiriman lama kemasan rusak
CUST-1003,Jakarta,COD,P,Tidak,Ya,Sangat Tinggi,Bronze,18,7,16,,36.3,5.0,2021,2025-01-25,kualitas produk bagus penjual ramah
CUST-1078,Surabaya,Kartu Kredit,P,Tidak,Ya,Sedang,Silver,28,32,16,2599000.0,59.6,3.8,2020,2024-12-01,barang sesuai tapi pengiriman agak lama
CUST-0838,Makassar,E-Wallet,L,Tidak,Ya,Tinggi,Silver,29,17,20,2366000.0,38.5,4.0,2021,2024-11-19,produk bagus harga sesuai kualitas
CUST-1343,Surabaya,E-Wallet,P,Tidak,Ya,Sangat Tinggi,Silver,37,20,18,2677000.0,52.8,4.3,2020,2024-06-17,sangat puas belanja lagi di sini
CUST-0305,Medan,E-Wallet,P,Tidak,Tidak,Sangat Tinggi,Silver,38,32,28,2000000.0,43.6,5.0,2021,2024-08-07,barang sesuai deskripsi pengiriman cepat
CUST-1178,Surabaya,Kartu Kredit,P,Tidak,Tidak,Tinggi,Silver,37,35,26,2998000.0,58.4,4.7,2020,2024-06-08,pengiriman cepat barang aman sampai
CUST-0314,Surabaya,Transfer Bank,P,Tidak,Tidak,Sangat Tinggi,Bronze,22,4,25,636000.0,10.0,4.5,2024,2025-05-29,sangat puas belanja lagi di sini
CUST-0150,Jakarta,Kartu Kredit,L,Tidak,Ya,Tinggi,Gold,64,25,14,9617000.0,44.3,4.3,2021,2025-01-15,penjual responsif pelayanan memuaskan
CUST-0575,Medan,E-Wallet,L,Tidak,Tidak,Sangat Tinggi,Bronze,50,18,15,1703000.0,26.6,4.8,2022,2024-07-03,barang sesuai deskripsi pengiriman cepat
CUST-0051,JAKARTA,Transfer Bank,P,Ya,Tidak,Rendah,Silver,54,15,21,2018000.0,26.5,4.5,2022,2024-08-10,produk tidak sesuai deskripsi
CUST-1175,Surabaya,E-Wallet,P,Tidak,Ya,Sangat Tinggi,Bronze,41,2,18,488000.0,22.1,5.0,2023,2025-06-01,barang sesuai deskripsi pengiriman cepat
CUST-0727,Jakarta,Kartu Kredit,P,Tidak,Tidak,Rendah,Bronze,38,2,35,,3.0,3.5,2024,2025-01-09,penjual lambat membalas pesan
CUST-0834,Bandung,Transfer Bank,L,Tidak,Tidak,Rendah,Bronze,20,35,15,1703000.0,58.5,2.9,2020,2024-06-17,produk tidak sesuai deskripsi
CUST-1116,Jakarta,E-Wallet,L,Tidak,Tidak,Tinggi,Bronze,17,30,7,1756000.0,53.9,4.3,2020,2025-06-28,pengiriman cepat barang aman sampai
CUST-0471,Surabaya,E-Wallet,L,Tidak,Ya,Tinggi,Silver,17,25,29,3127000.0,24.7,4.3,2022,2025-05-12,pengiriman cepat barang aman sampai
CUST-0972,Jakarta,Kartu Kredit,L,Ya,Tidak,Rendah,Bronze,46,7,43,1085000.0,22.3,4.7,2023,2024-07-10,produk tidak sesuai deskripsi
CUST-0654,Jakarta,Kartu Kredit,L,Tidak,Tidak,Sedang,Bronze,28,13,34,1172000.0,32.0,3.9,2022,2024-11-11,barang sesuai tapi pengiriman agak lama
CUST-0400,Surabaya,Transfer Bank,P,Tidak,Tidak,Sedang,Bronze,41,23,14,,49.0,3.9,2020,2024-12-13,kualitas produk standar harga wajar
CUST-0512,Medan,Transfer Bank,P,Tidak,Tidak,Sedang,Bronze,47,9,29,1303000.0,9.8,4.0,2024,2024-12-04,kualitas produk standar harga wajar
CUST-0321,Makassar,COD,L,Tidak,Tidak,Sangat Tinggi,Bronze,27,8,14,673000.0,14.6,5.0,2023,2024-08-02,kualitas produk bagus penjual ramah
CUST-0020,Bandung,Transfer Bank,L,Tidak,Ya,Sangat Tinggi,Bronze,37,30,20,1645000.0,57.0,5.0,2020,2024-10-05,sangat puas belanja lagi di sini
CUST-0685,Bandung,E-Wallet,L,Ya,Tidak,Sedang,Bronze,42,9,24,521000.0,14.1,4.5,2023,2025-02-24,barang sesuai tapi pengiriman agak lama
CUST-0036,Jakarta,E-Wallet,P,Tidak,Ya,Sedang,Gold,26,37,40,9946000.0,52.7,4.4,2020,2024-07-19,barang sesuai tapi pengiriman agak lama
CUST-0903,Jakarta,Kartu Kredit,P,Tidak,Ya,Sedang,Silver,54,17,39,2204000.0,42.1,3.9,2021,2025-02-13,barang sesuai tapi pengiriman agak lama
CUST-0828,Jakarta,Transfer Bank,L,Tidak,Tidak,Rendah,Silver,40,31,34,3095000.0,51.8,3.0,2020,2025-06-12,penjual lambat membalas pesan
CUST-1348,Surabaya,Transfer Bank,P,Tidak,Tidak,Sangat Tinggi,Bronze,31,17,21,,29.1,4.3,2022,2025-03-06,sangat puas belanja lagi di sini
CUST-0408,Medan,Transfer Bank,L,Tidak,Tidak,Sangat Tinggi,Bronze,40,10,26,1101000.0,13.3,5.0,2023,2024-08-23,barang sesuai deskripsi pengiriman cepat
CUST-0921,Jakarta,Transfer Bank,L,Tidak,Tidak,Sedang,Bronze,32,23,4,1383000.0,45.3,3.9,2021,2024-06-26,barang sesuai tapi pengiriman agak lama
CUST-0538,Jakarta,Transfer Bank,P,Tidak,Ya,Tinggi,Silver,34,31,7,3425000.0,35.6,4.1,2022,2024-06-03,produk bagus harga sesuai kualitas
CUST-0759,jakarta ,Transfer Bank,P,Tidak,Tidak,Sedang,Bronze,52,15,8,1575000.0,25.4,4.1,2022,2024-10-10,cukup baik walau kemasan kurang rapi
CUST-1063,Jakarta,Kartu Kredit,L,Tidak,Tidak,Sangat Rendah,Bronze,45,7,41,307000.0,17.1,2.5,2023,2024-11-23,sangat kecewa produk tidak sesuai
CUST-0246,Medan,E-Wallet,P,Ya,Tidak,Rendah,Bronze,29,6,31,962000.0,6.4,4.1,2024,2024-11-06,pengiriman lama kemasan rusak
CUST-1128,Bandung,E-Wallet,L,Tidak,Tidak,Sedang,Bronze,24,24,23,1201000.0,28.1,3.5,2022,2025-04-04,cukup baik walau kemasan kurang rapi
CUST-0785,Makassar,Transfer Bank,P,Tidak,Tidak,Sangat Rendah,Bronze,52,32,62,1160000.0,39.7,1.0,2021,2025-03-09,barang rusak penjual tidak merespons
CUST-0490,Bandung,Transfer Bank,P,Tidak,Ya,Tinggi,Bronze,30,25,26,1833000.0,59.5,4.8,2020,2024-12-28,produk bagus harga sesuai kualitas
CUST-0155,Jakarta,COD,L,Tidak,Tidak,Sedang,Bronze,32,19,26,1392000.0,25.9,3.8,2022,2024-08-03,cukup baik walau kemasan kurang rapi
CUST-0962,Surabaya,E-Wallet,L,Tidak,Tidak,Sedang,Bronze,54,1,16,61000.0,11.4,4.4,2024,2024-11-29,barang sesuai tapi pengiriman agak lama
CUST-0854,Makassar,E-Wallet,L,Tidak,Ya,Sangat Tinggi,Bronze,36,6,22,797000.0,25.1,5.0,2022,2025-04-15,sangat puas belanja lagi di sini
CUST-0626,Surabaya,E-Wallet,P,Ya,Tidak,Sangat Rendah,Silver,17,30,6,3253000.0,54.7,4.0,2020,2025-03-01,sangat kecewa produk tidak sesuai
CUST-0686,Surabaya,Transfer Bank,L,Tidak,Tidak,Tinggi,Bronze,36,14,36,528000.0,21.8,4.1,2023,2024-12-08,pengiriman cepat barang aman sampai
CUST-0570,Surabaya,E-Wallet,L,Tidak,Ya,Tinggi,Silver,32,23,18,4316000.0,54.0,4.5,2020,2024-08-07,pengiriman cepat barang aman sampai
CUST-1430,Surabaya,Kartu Kredit,L,Ya,Tidak,,Silver,17,26,17,5662000.0,55.8,5.0,2020,2024-11-02,produk bagus harga sesuai kualitas
CUST-0018,Jakarta,COD,L,Tidak,Tidak,Sangat Tinggi,Bronze,32,25,33,1798000.0,49.6,4.8,2020,2025-01-18,kualitas produk bagus penjual ramah
CUST-0128,Jakarta,Transfer Bank,L,Tidak,Tidak,Sangat Rendah,Bronze,17,4,48,1011000.0,1.3,3.2,2024,2024-08-10,barang rusak penjual tidak merespons
CUST-0928,Medan,Kartu Kredit,P,Tidak,Tidak,Sangat Tinggi,Bronze,36,32,42,1623000.0,54.8,3.7,2020,2024-09-10,sangat puas belanja lagi di sini
CUST-0981,Makassar,E-Wallet,L,Ya,Ya,Rendah,Silver,37,27,28,2246000.0,58.2,4.1,2020,2024-10-06,produk tidak sesuai deskripsi
CUST-1473,Jakarta,Transfer Bank,P,Tidak,Tidak,Rendah,Silver,51,21,37,3758000.0,21.9,3.7,2023,2024-10-25,pengiriman lama kemasan rusak
CUST-0191,Makassar,Kartu Kredit,L,Tidak,Ya,Sangat Tinggi,Gold,43,24,14,9977000.0,50.5,5.0,2020,2025-03-27,barang sesuai deskripsi pengiriman cepat
CUST-1140,Bandung,Transfer Bank,P,Tidak,Ya,Tinggi,Bronze,48,4,14,90000.0,10.2,4.2,2024,2024-12-18,pengiriman cepat barang aman sampai
CUST-0993,Medan,Transfer Bank,L,Tidak,Ya,Sangat Tinggi,Silver,29,33,41,5301000.0,54.5,4.3,2020,2024-10-13,barang sesuai deskripsi pengiriman cepat
CUST-1467,Surabaya,E-Wallet,L,Tidak,Tidak,Rendah,Bronze,17,10,5,711000.0,13.6,3.2,2023,2025-03-12,penjual lambat membalas pesan
CUST-1337,Jakarta,E-Wallet,L,Tidak,Tidak,Sangat Rendah,Silver,41,29,45,6931000.0,38.9,,2021,2025-04-13,sangat kecewa produk tidak sesuai
CUST-0607,Medan,Kartu Kredit,L,Tidak,Ya,Sangat Tinggi,Silver,38,35,30,2873000.0,52.1,5.0,2020,2024-11-07,kualitas produk bagus penjual ramah
CUST-0181,Makassar,Kartu Kredit,P,Tidak,Ya,Sedang,Bronze,30,10,28,1518000.0,3.2,3.5,2024,2024-09-27,cukup baik walau kemasan kurang rapi
CUST-0302,Jakarta,E-Wallet,L,Tidak,Tidak,,Bronze,21,24,2,1583000.0,30.5,2.8,2022,2024-10-29,penjual lambat membalas pesan
CUST-0497,Surabaya,Transfer Bank,P,Tidak,Ya,Tinggi,Bronze,29,10,29,737000.0,27.1,4.3,2022,2024-10-06,penjual responsif pelayanan memuaskan
CUST-1420,Makassar,Kartu Kredit,P,Tidak,Ya,Sangat Tinggi,Bronze,49,2,31,215000.0,6.7,5.0,2024,2024-06-22,kualitas produk bagus penjual ramah
CUST-1259,Surabaya,E-Wallet,P,Tidak,Tidak,Sedang,Bronze,63,18,41,787000.0,43.0,3.2,2021,2025-04-11,barang sesuai tapi pengiriman agak lama
CUST-1241,Medan,Transfer Bank,P,Tidak,Tidak,Sedang,Bronze,21,13,16,1291000.0,34.6,4.4,2022,2025-01-26,kualitas produk standar harga wajar
CUST-0518,Bandung,Transfer Bank,L,Tidak,Tidak,Sangat Tinggi,Silver,25,23,26,2596000.0,39.4,5.0,2021,2024-12-20,kualitas produk bagus penjual ramah
CUST-1070,Surabaya,COD,L,Tidak,Ya,Sedang,Silver,20,22,30,3270000.0,42.8,3.4,2021,2025-02-22,kualitas produk standar harga wajar
CUST-0477,Surabaya,E-Wallet,P,Tidak,Ya,Sangat Tinggi,Silver,17,18,34,2301000.0,47.6,4.4,2021,2025-06-26,barang sesuai deskripsi pengiriman cepat
CUST-0158,Bandung,Kartu Kredit,L,Tidak,Tidak,Sangat Tinggi,Bronze,48,1,30,100000.0,3.5,4.3,2024,2025-02-05,barang sesuai deskripsi pengiriman cepat
CUST-1196,Jakarta,Transfer Bank,P,Tidak,Tidak,Sangat Tinggi,Silver,38,25,27,5489000.0,57.4,4.4,2020,2025-01-05,sangat puas belanja lagi di sini
CUST-0017,Surabaya,Transfer Bank,P,Tidak,Tidak,Sedang,Silver,41,19,1,2040000.0,10.2,3.9,2024,2025-03-10,barang sesuai tapi pengiriman agak lama
CUST-1073,Surabaya,Kartu Kredit,L,Tidak,Ya,Tinggi,Silver,26,19,15,4792000.0,18.9,3.9,2023,2025-04-13,produk bagus harga sesuai kualitas
CUST-0547,Surabaya,E-Wallet,P,Tidak,Tidak,Sangat Tinggi,Bronze,37,1,27,84000.0,3.1,4.8,2024,2024-10-02,sangat puas belanja lagi di sini
CUST-0659,Bandung,E-Wallet,P,Tidak,Ya,Sangat Tinggi,Silver,52,30,34,5802000.0,47.5,4.1,2021,2024-08-28,sangat puas belanja lagi di sini
CUST-1230,Jakarta,COD,L,Tidak,Ya,Tinggi,Silver,41,41,13,4596000.0,59.3,4.5,2020,2025-06-28,penjual responsif pelayanan memuaskan
CUST-1020,Surabaya,Transfer Bank,P,Tidak,Ya,Rendah,Silver,33,25,15,2260000.0,33.6,3.3,2022,2024-11-26,pengiriman lama kemasan rusak
CUST-1260,Makassar,E-Wallet,L,Ya,Tidak,Tinggi,Bronze,32,1,16,50000.0,4.0,4.9,2024,2025-02-23,penjual responsif pelayanan memuaskan
CUST-0960,Surabaya,E-Wallet,L,Ya,Ya,Tinggi,Silver,34,36,17,3660000.0,54.6,,2020,2024-09-20,penjual responsif pelayanan memuaskan
CUST-1413,Medan,E-Wallet,P,Tidak,Tidak,Sangat Tinggi,Bronze,34,1,37,49000.0,6.6,4.8,2024,2025-03-25,kualitas produk bagus penjual ramah
CUST-0284,Jakarta,Transfer Bank,L,Tidak,Ya,Sangat Tinggi,Bronze,40,1,36,,6.1,4.8,2024,2024-09-28,barang sesuai deskripsi pengiriman cepat
CUST-0798,Jakarta,Transfer Bank,P,Tidak,Tidak,Sangat Tinggi,Bronze,26,4,14,838000.0,12.2,4.9,2023,2024-12-17,barang sesuai deskripsi pengiriman cepat
CUST-0226,Makassar,Transfer Bank,P,Tidak,Tidak,Sangat Tinggi,Bronze,38,1,17,126000.0,7.7,4.5,2024,2024-11-14,sangat puas belanja lagi di sini
CUST-0027,Surabaya,E-Wallet,L,Tidak,Tidak,Tinggi,Bronze,30,9,38,583000.0,9.9,4.0,2024,2024-06-20,penjual responsif pelayanan memuaskan
CUST-0438,Surabaya,E-Wallet,L,Tidak,Tidak,Sangat Tinggi,Bronze,34,1,35,162000.0,19.5,4.9,2023,2024-06-19,barang sesuai deskripsi pengiriman cepat
CUST-1461,Medan,Kartu Kredit,L,Ya,Ya,Tinggi,Bronze,22,7,20,1462000.0,29.4,5.0,2022,2024-12-15,produk bagus harga sesuai kualitas
CUST-0230,Jakarta,E-Wallet,P,Tidak,Tidak,Sangat Tinggi,Bronze,33,7,10,1007000.0,26.6,4.2,2022,2025-03-03,sangat puas belanja lagi di sini
CUST-0038,Surabaya,Kartu Kredit,L,Tidak,Tidak,Sedang,Bronze,17,1,12,60000.0,17.8,3.6,2023,2024-10-22,kualitas produk standar harga wajar
CUST-0750,Medan,E-Wallet,L,Tidak,Tidak,Tinggi,Bronze,25,25,8,1231000.0,41.8,3.9,2021,2025-03-05,penjual responsif pelayanan memuaskan
CUST-1046,Jakarta,E-Wallet,L,Tidak,Ya,Sangat Tinggi,Silver,28,27,14,4001000.0,57.8,4.8,2020,2024-10-20,sangat puas belanja lagi di sini
CUST-0470,Surabaya,E-Wallet,P,Tidak,Ya,Rendah,Silver,46,23,1,5729000.0,52.1,3.2,2020,2024-08-14,penjual lambat membalas pesan
CUST-1282,Surabaya,Transfer Bank,L,Tidak,Ya,Sangat Tinggi,Bronze,22,3,18,616000.0,6.1,5.0,2024,2024-07-17,kualitas produk bagus penjual ramah
CUST-1476,Surabaya,Kartu Kredit,P,Tidak,Tidak,Sedang,Bronze,29,9,1,1404000.0,31.8,3.2,2022,2025-05-26,barang sesuai tapi pengiriman agak lama
CUST-0688,Makassar,E-Wallet,P,Tidak,Ya,Sangat Tinggi,Bronze,38,36,38,1705000.0,53.3,5.0,2020,2024-12-17,kualitas produk bagus penjual ramah
CUST-1382,jakarta ,Transfer Bank,L,Tidak,Ya,Tinggi,Silver,42,19,2,4183000.0,23.4,4.1,2023,2024-07-26,produk bagus harga sesuai kualitas
CUST-0640,Medan,Kartu Kredit,P,Tidak,Tidak,Sangat Tinggi,Silver,28,11,12,2219000.0,23.8,4.5,2023,2024-06-07,sangat puas belanja lagi di sini
CUST-1453,Medan,Transfer Bank,P,Tidak,Ya,Sangat Tinggi,Bronze,42,15,31,1878000.0,25.7,4.1,2022,2025-03-18,kualitas produk bagus penjual ramah
CUST-1219,Bandung,Transfer Bank,P,Tidak,Tidak,Sangat Tinggi,Silver,41,11,36,,17.2,5.0,2023,2024-11-07,barang sesuai deskripsi pengiriman cepat
CUST-1159,Surabaya,Transfer Bank,L,Tidak,Tidak,Sedang,Bronze,33,15,1,530000.0,12.4,3.5,2023,2025-01-31,cukup baik walau kemasan kurang rapi
CUST-1254,Bandung,Transfer Bank,P,Tidak,Tidak,Sedang,Bronze,37,15,9,1691000.0,37.0,3.6,2021,2024-06-21,barang sesuai tapi pengiriman agak lama
CUST-1367,Jakarta,E-Wallet,L,Tidak,Tidak,Sangat Tinggi,Bronze,35,10,17,1289000.0,11.0,4.9,2024,2024-07-06,barang sesuai deskripsi pengiriman cepat
CUST-0801,Bandung,COD,L,Tidak,Ya,Sangat Tinggi,Silver,38,11,23,3324000.0,25.0,4.7,2022,2024-11-16,barang sesuai deskripsi pengiriman cepat
CUST-0161,Jakarta,Transfer Bank,P,Tidak,Tidak,Sedang,Gold,31,26,13,8766000.0,41.7,3.8,2021,2024-08-15,kualitas produk standar harga wajar
CUST-0957,Medan,E-Wallet,P,Tidak,Ya,Tinggi,Silver,45,12,21,2258000.0,18.0,4.3,2023,2025-04-08,penjual responsif pelayanan memuaskan
CUST-1187,Surabaya,Transfer Bank,L,Ya,Tidak,Rendah,Bronze,40,10,26,1878000.0,16.4,3.9,2023,2024-11-19,produk tidak sesuai deskripsi
CUST-0822,Bandung,Transfer Bank,P,Tidak,Tidak,Sedang,Bronze,20,25,12,1685000.0,56.3,3.7,2020,2025-06-09,kualitas produk standar harga wajar
CUST-1274,Bandung,Transfer Bank,P,Tidak,Tidak,Rendah,Bronze,50,12,3,473000.0,15.1,3.4,2023,2024-12-14,produk tidak sesuai deskripsi
CUST-0878,Jakarta,E-Wallet,P,Tidak,Ya,Tinggi,Silver,22,14,11,2686000.0,20.4,4.6,2023,2024-11-11,pengiriman cepat barang aman sampai
CUST-0914,Makassar,E-Wallet,L,Tidak,Tidak,Sangat Tinggi,Bronze,40,21,24,972000.0,44.7,5.0,2021,2024-08-09,barang sesuai deskripsi pengiriman cepat
CUST-0153,Jakarta,Transfer Bank,L,Tidak,Tidak,Sangat Tinggi,Bronze,38,17,32,1971000.0,22.1,4.4,2023,2025-04-21,barang sesuai deskripsi pengiriman cepat
CUST-1377,Bandung,Transfer Bank,P,Tidak,Tidak,Tinggi,Bronze,42,1,39,457000.0,5.7,3.9,2024,2025-06-15,pengiriman cepat barang aman sampai
CUST-0510,Jakarta,Kartu Kredit,L,Tidak,Tidak,Rendah,Silver,41,13,31,5848000.0,34.9,3.2,2022,2025-06-16,produk tidak sesuai deskripsi
CUST-1136,Jakarta,E-Wallet,L,Tidak,Tidak,Sangat Tinggi,Silver,58,28,18,3486000.0,40.9,4.5,2021,2025-05-16,barang sesuai deskripsi pengiriman cepat
CUST-1261,Jakarta,E-Wallet,P,Tidak,Tidak,Sangat Tinggi,Bronze,37,32,42,1097000.0,53.2,4.7,2020,2024-05-29,kualitas produk bagus penjual ramah
CUST-0104,Makassar,Kartu Kredit,P,Tidak,Tidak,Sangat Tinggi,Silver,17,26,14,2142000.0,50.3,5.0,2020,2025-01-07,barang sesuai deskripsi pengiriman cepat
CUST-0587,Jakarta,E-Wallet,L,Tidak,Ya,Sangat Tinggi,Bronze,45,5,33,1109000.0,1.2,4.9,2024,2024-07-07,barang sesuai deskripsi pengiriman cepat
CUST-1332,Surabaya,E-Wallet,P,Tidak,Ya,Tinggi,Silver,35,29,10,2982000.0,53.3,3.9,2020,2024-09-28,pengiriman cepat barang aman sampai
CUST-1144,Medan,Kartu Kredit,L,Tidak,Tidak,Tinggi,Bronze,41,1,22,64000.0,6.6,3.8,2024,2025-04-18,produk bagus harga sesuai kualitas
CUST-0054,Bandung,E-Wallet,P,Tidak,Tidak,Sangat Tinggi,Bronze,53,15,27,1167000.0,14.3,5.0,2023,2025-02-03,kualitas produk bagus penjual ramah
CUST-0152,Makassar,Transfer Bank,P,Tidak,Tidak,Tinggi,Bronze,43,22,32,1696000.0,43.5,4.1,2021,2024-12-07,pengiriman cepat barang aman sampai
CUST-0404,Jakarta,Transfer Bank,P,Tidak,Ya,Tinggi,Silver,25,17,17,2517000.0,32.0,4.7,2022,2024-08-31,pengiriman cepat barang aman sampai
CUST-1458,Surabaya,Transfer Bank,P,Ya,Tidak,Sedang,Silver,28,26,26,2222000.0,48.6,4.2,2020,2025-03-27,kualitas produk standar harga wajar
CUST-0208,Bandung,E-Wallet,L,Tidak,Ya,Tinggi,Silver,39,12,34,4017000.0,18.1,4.3,2023,2024-11-07,pengiriman cepat barang aman sampai
CUST-1421,Bandung,COD,L,Tidak,Tidak,Sedang,Bronze,62,1,14,66000.0,7.2,3.9,2024,2024-07-05,kualitas produk standar harga wajar
CUST-1123,Medan,Transfer Bank,P,Tidak,Ya,Sangat Tinggi,Silver,34,25,32,3783000.0,57.4,4.4,2020,2025-04-27,kualitas produk bagus penjual ramah
CUST-0009,Jakarta,Transfer Bank,L,Tidak,Tidak,Tinggi,Silver,48,31,41,4000000.0,47.2,4.4,2021,2024-11-17,pengiriman cepat barang aman sampai
CUST-1015,Surabaya,Transfer Bank,P,Tidak,Ya,Sangat Tinggi,Bronze,28,13,31,1203000.0,15.4,4.3,2023,2025-04-25,kualitas produk bagus penjual ramah
CUST-1347,Surabaya,Transfer Bank,P,Tidak,Tidak,Sedang,Bronze,27,13,31,1003000.0,21.0,,2023,2024-09-05,barang sesuai tapi pengiriman agak lama
CUST-1061,Makassar,E-Wallet,P,Tidak,Ya,Sangat Tinggi,Bronze,17,11,12,381000.0,11.1,5.0,2024,2025-02-26,kualitas produk bagus penjual ramah
CUST-0453,Bandung,Kartu Kredit,L,Tidak,Ya,Sangat Tinggi,Bronze,45,9,12,,30.0,4.8,2022,2024-11-28,sangat puas belanja lagi di sini
CUST-0254,Jakarta,Kartu Kredit,P,Tidak,Tidak,Sangat Tinggi,Bronze,22,19,17,1035000.0,22.1,4.5,2023,2025-04-05,barang sesuai deskripsi pengiriman cepat
CUST-0897,Jakarta,Transfer Bank,L,Tidak,Tidak,Sedang,Silver,42,30,15,6501000.0,55.7,3.8,2020,2024-12-06,cukup baik walau kemasan kurang rapi
CUST-1312,Makassar,Kartu Kredit,P,Ya,Tidak,Rendah,Bronze,32,6,26,402000.0,17.5,4.2,2023,2024-07-08,penjual lambat membalas pesan
CUST-0881,Surabaya,Kartu Kredit,P,Tidak,Ya,Sangat Tinggi,Bronze,29,1,26,143000.0,4.7,4.9,2024,2024-10-27,barang sesuai deskripsi pengiriman cepat
CUST-1417,Surabaya,Transfer Bank,P,Tidak,Ya,Sangat Tinggi,Bronze,32,7,29,838000.0,13.2,4.6,2023,2025-03-22,sangat puas belanja lagi di sini
CUST-0624,Surabaya,Transfer Bank,P,Tidak,Tidak,Sangat Tinggi,Silver,40,18,17,3560000.0,26.2,5.0,2022,2025-03-18,barang sesuai deskripsi pengiriman cepat
CUST-0346,Medan,E-Wallet,P,Tidak,Tidak,Sedang,Bronze,38,17,7,1115000.0,38.6,3.9,2021,2025-05-04,barang sesuai tapi pengiriman agak lama
CUST-1290,Bandung,E-Wallet,P,Tidak,Tidak,Sangat Tinggi,Bronze,28,13,31,1584000.0,12.0,4.8,2024,2024-08-16,kualitas produk bagus penjual ramah
CUST-0263,Jakarta,Transfer Bank,L,Tidak,Tidak,Sangat Tinggi,Bronze,41,2,26,205000.0,4.2,4.7,2024,2024-06-08,barang sesuai deskripsi pengiriman cepat
CUST-0151,Medan,Transfer Bank,L,Tidak,Ya,Tinggi,Silver,38,29,28,4947000.0,48.5,4.8,2020,2024-07-06,produk bagus harga sesuai kualitas
CUST-0473,Jakarta,Kartu Kredit,P,Tidak,Ya,Sedang,Silver,55,36,1,2779000.0,59.5,3.5,2020,2025-02-20,cukup baik walau kemasan kurang rapi
CUST-0641,Bandung,COD,L,Tidak,Ya,Sedang,Bronze,53,1,11,150000.0,2.4,4.1,2024,2025-02-14,kualitas produk standar harga wajar
CUST-1488,Surabaya,E-Wallet,L,Tidak,Tidak,Sedang,Bronze,28,1,51,54000.0,2.2,3.3,2024,2025-04-08,cukup baik walau kemasan kurang rapi
CUST-1431,Makassar,E-Wallet,L,Tidak,Tidak,Tinggi,Bronze,38,16,39,408000.0,50.1,4.3,2020,2024-07-09,produk bagus harga sesuai kualitas
CUST-0551,Surabaya,COD,P,Tidak,Tidak,Tinggi,Bronze,23,28,31,1330000.0,51.9,3.8,2020,2025-04-12,penjual responsif pelayanan memuaskan
CUST-0929,Bandung,E-Wallet,L,Tidak,Ya,Sedang,Silver,32,19,12,2215000.0,19.2,4.0,2023,2025-05-10,cukup baik walau kemasan kurang rapi
CUST-0489,Bandung,COD,L,Tidak,Ya,Sedang,Bronze,29,1,45,100000.0,2.2,3.5,2024,2024-08-18,barang sesuai tapi pengiriman agak lama
CUST-1360,Jakarta,E-Wallet,P,Tidak,Tidak,Sedang,Silver,33,21,50,5191000.0,39.7,3.0,2021,2025-04-13,barang sesuai tapi pengiriman agak lama
CUST-1172,Bandung,E-Wallet,P,Tidak,Ya,Sangat Tinggi,Silver,23,18,19,2888000.0,33.2,4.9,2022,2025-05-18,sangat puas belanja lagi di sini
CUST-0147,Jakarta,Transfer Bank,P,Tidak,Ya,Tinggi,Silver,29,25,6,4165000.0,46.6,4.3,2021,2024-10-27,produk bagus harga sesuai kualitas
CUST-0403,Medan,Kartu Kredit,P,Tidak,Tidak,Sangat Tinggi,Bronze,40,7,23,1396000.0,1.1,4.8,2024,2025-03-04,barang sesuai deskripsi pengiriman cepat
CUST-0955,Makassar,E-Wallet,L,Tidak,Ya,Rendah,Bronze,44,27,1,889000.0,43.3,3.5,2021,2024-07-24,pengiriman lama kemasan rusak
CUST-1409,Medan,COD,P,Tidak,Tidak,,Bronze,24,18,20,1719000.0,35.8,4.6,2022,2025-05-02,kualitas produk bagus penjual ramah
CUST-0660,Surabaya,Transfer Bank,L,Tidak,Ya,Sangat Tinggi,Bronze,53,23,28,1821000.0,26.0,4.7,2022,2025-04-07,barang sesuai deskripsi pengiriman cepat
CUST-0464,Jakarta,Transfer Bank,L,Tidak,Tidak,Rendah,Bronze,40,9,41,485000.0,16.7,3.5,2023,2025-01-15,produk tidak sesuai deskripsi
CUST-0187,Surabaya,E-Wallet,P,Tidak,Tidak,Sangat Tinggi,Bronze,32,12,25,743000.0,43.4,5.0,2021,2024-12-27,kualitas produk bagus penjual ramah
CUST-1148,Medan,Kartu Kredit,P,Tidak,Ya,Tinggi,Silver,35,18,28,2532000.0,46.1,3.7,2021,2025-03-21,produk bagus harga sesuai kualitas
CUST-1225,Jakarta,Transfer Bank,L,Tidak,Tidak,Sangat Rendah,Silver,51,24,53,3446000.0,39.9,2.2,2021,2024-07-21,sangat kecewa produk tidak sesuai
CUST-0609,Bandung,E-Wallet,L,Tidak,Tidak,Sangat Tinggi,Bronze,24,1,15,156000.0,7.4,5.0,2024,2025-05-18,kualitas produk bagus penjual ramah
CUST-0144,Bandung,Transfer Bank,L,Ya,Tidak,Sangat Rendah,Bronze,46,18,61,1690000.0,38.8,1.5,2021,2025-05-31,sangat kecewa produk tidak sesuai
CUST-0752,jakarta ,Kartu Kredit,P,Ya,Tidak,Rendah,Bronze,29,12,5,518000.0,17.0,3.9,2023,2024-09-29,pengiriman lama kemasan rusak
CUST-0982,Medan,Transfer Bank,L,Ya,Tidak,Sedang,Silver,32,31,18,4187000.0,58.0,4.2,2020,2024-08-30,barang sesuai tapi pengiriman agak lama
CUST-0198,Medan,Kartu Kredit,L,Tidak,Tidak,Tinggi,Bronze,40,7,21,561000.0,9.8,4.2,2024,2025-01-04,produk bagus harga sesuai kualitas
CUST-0884,Surabaya,Transfer Bank,L,Tidak,Tidak,Sedang,Silver,31,21,1,2326000.0,48.3,3.6,2020,2025-02-08,cukup baik walau kemasan kurang rapi
CUST-0280,Medan,E-Wallet,L,Tidak,Ya,Tinggi,Bronze,28,2,29,145000.0,4.5,,2024,2025-02-25,produk bagus harga sesuai kualitas
CUST-0294,Jakarta,Kartu Kredit,P,Tidak,Ya,Tinggi,Silver,40,43,42,6457000.0,59.5,4.6,2020,2025-02-02,pengiriman cepat barang aman sampai
CUST-1400,Surabaya,E-Wallet,P,Ya,Ya,Rendah,Silver,40,21,45,2846000.0,46.4,4.2,2021,2025-06-17,pengiriman lama kemasan rusak
CUST-0401,Jakarta,E-Wallet,L,Tidak,Tidak,Sedang,Bronze,37,1,18,431000.0,10.5,4.2,2024,2024-11-21,cukup baik walau kemasan kurang rapi
CUST-0123,Jakarta,Kartu Kredit,L,Tidak,Ya,Sedang,Silver,28,23,35,6595000.0,41.5,4.3,2021,2025-01-31,kualitas produk standar harga wajar
CUST-1208,Surabaya,Transfer Bank,L,Tidak,Tidak,Sangat Tinggi,Bronze,44,2,14,228000.0,3.4,4.2,2024,2024-10-06,kualitas produk bagus penjual ramah
CUST-0203,Surabaya,E-Wallet,P,Tidak,Ya,Sangat Rendah,Silver,38,18,1,2145000.0,34.0,2.3,2022,2025-04-30,barang rusak penjual tidak merespons
CUST-0836,Bandung,Kartu Kredit,L,Tidak,Tidak,Sangat Tinggi,Silver,25,8,23,2018000.0,10.6,4.6,2024,2024-07-11,barang sesuai deskripsi pengiriman cepat
CUST-0247,Bandung,Kartu Kredit,L,Tidak,Ya,Tinggi,Silver,46,28,9,5860000.0,56.3,4.1,2020,2025-03-31,penjual responsif pelayanan memuaskan
CUST-1426,Surabaya,E-Wallet,L,Tidak,Tidak,Tinggi,Bronze,52,9,19,799000.0,12.0,4.6,2024,2025-04-11,pengiriman cepat barang aman sampai
CUST-1434,Jakarta,COD,L,Tidak,Ya,Sangat Tinggi,Bronze,37,5,22,321000.0,8.9,5.0,2024,2024-12-20,kualitas produk bagus penjual ramah
CUST-1154,Jakarta,Kartu Kredit,L,Tidak,Tidak,,Silver,23,19,29,2149000.0,35.1,4.5,2022,2025-02-06,pengiriman cepat barang aman sampai
CUST-0385,Surabaya,E-Wallet,L,Tidak,Tidak,Sangat Rendah,Bronze,55,10,4,640000.0,11.2,3.1,2024,2024-10-20,sangat kecewa produk tidak sesuai
CUST-1326,Medan,Kartu Kredit,P,Tidak,Ya,Sangat Tinggi,Silver,40,17,8,2796000.0,21.6,4.8,2023,2024-11-05,kualitas produk bagus penjual ramah
CUST-0855,Jakarta,E-Wallet,P,Tidak,Tidak,Sedang,Bronze,32,3,21,749000.0,9.2,4.0,2024,2025-03-11,barang sesuai tapi pengiriman agak lama
CUST-0220,Surabaya,Kartu Kredit,L,Tidak,Tidak,Sedang,Silver,36,17,1,2965000.0,26.7,3.1,2022,2025-04-17,kualitas produk standar harga wajar
CUST-0642,Medan,E-Wallet,L,Tidak,Ya,Sangat Tinggi,Silver,35,26,9,2023000.0,49.3,3.9,2020,2025-03-31,sangat puas belanja lagi di sini
CUST-0002,Surabaya,COD,P,Tidak,Ya,Sangat Tinggi,Bronze,49,1,11,109000.0,8.0,4.2,2024,2024-11-13,sangat puas belanja lagi di sini
CUST-0113,Jakarta,Kartu Kredit,P,Tidak,Tidak,Sedang,Bronze,36,7,20,,16.4,4.3,2023,2024-12-17,kualitas produk standar harga wajar
CUST-0699,Bandung,Transfer Bank,L,Tidak,Ya,Tinggi,Bronze,-5,17,5,1500000.0,43.6,3.9,2021,2024-11-11,penjual responsif pelayanan memuaskan
CUST-1435,Jakarta,E-Wallet,P,Tidak,Tidak,Rendah,Bronze,23,1,40,197000.0,1.6,3.0,2024,2025-06-22,pengiriman lama kemasan rusak
CUST-0952,Jakarta,Kartu Kredit,P,Tidak,Tidak,Sedang,Silver,17,39,30,4525000.0,58.1,3.8,2020,2025-01-10,barang sesuai tapi pengiriman agak lama
CUST-1321,Surabaya,Transfer Bank,P,Tidak,Ya,Tinggi,Bronze,44,3,19,437000.0,3.8,4.6,2024,2025-06-08,penjual responsif pelayanan memuaskan
CUST-1292,Bandung,Transfer Bank,L,Tidak,Ya,Sangat Tinggi,Silver,29,19,26,2152000.0,16.8,4.6,2023,2025-03-04,barang sesuai deskripsi pengiriman cepat
CUST-1357,Surabaya,E-Wallet,P,Tidak,Ya,,Silver,44,24,28,2661000.0,42.8,4.0,2021,2024-07-07,produk bagus harga sesuai kualitas
CUST-0442,Jakarta,E-Wallet,L,Ya,Ya,Sedang,Silver,42,33,17,4346000.0,54.7,4.6,2020,2025-01-05,cukup baik walau kemasan kurang rapi
CUST-1137,Surabaya,E-Wallet,P,Tidak,Ya,Tinggi,Bronze,26,2,19,407000.0,9.0,4.1,2024,2024-07-10,penjual responsif pelayanan memuaskan
CUST-1257,Bandung,Kartu Kredit,L,Tidak,Ya,Sangat Tinggi,Silver,40,18,28,2011000.0,27.4,4.7,2022,2024-12-02,kualitas produk bagus penjual ramah
CUST-0664,Jakarta,E-Wallet,P,Tidak,Tidak,Sangat Tinggi,Gold,17,32,35,17977000.0,51.1,4.2,2020,2024-08-20,sangat puas belanja lagi di sini
CUST-1376,Jakarta,Transfer Bank,L,Tidak,Tidak,Rendah,Bronze,51,1,7,110000.0,9.6,3.3,2024,2024-09-15,pengiriman lama kemasan rusak
CUST-1258,Medan,Kartu Kredit,L,Tidak,Tidak,Sangat Tinggi,Silver,24,19,16,2273000.0,54.6,4.6,2020,2025-01-31,barang sesuai deskripsi pengiriman cepat
CUST-1335,Makassar,Kartu Kredit,P,Tidak,Tidak,Tinggi,Bronze,31,12,46,1425000.0,24.0,3.6,2023,2024-06-06,penjual responsif pelayanan memuaskan
CUST-0318,Bandung,E-Wallet,L,Tidak,Tidak,Tinggi,Bronze,32,21,27,1692000.0,42.7,4.5,2021,2024-08-18,penjual responsif pelayanan memuaskan
CUST-0649,Bandung,Kartu Kredit,L,Tidak,Tidak,Sangat Rendah,Silver,53,24,59,6478000.0,55.1,2.1,2020,2025-03-21,barang rusak penjual tidak merespons
CUST-0710,Surabaya,Transfer Bank,P,Ya,Tidak,Sangat Tinggi,Bronze,44,1,20,101000.0,10.3,5.0,2024,2024-07-14,sangat puas belanja lagi di sini
CUST-1283,Surabaya,E-Wallet,P,Tidak,Tidak,Rendah,Bronze,21,9,9,847000.0,10.3,3.2,2024,2025-01-15,penjual lambat membalas pesan
CUST-0973,Jakarta,Kartu Kredit,P,Tidak,Ya,Tinggi,Bronze,41,13,23,1976000.0,15.7,4.4,2023,2024-08-05,penjual responsif pelayanan memuaskan
CUST-0628,Jakarta,E-Wallet,P,Tidak,Tidak,Rendah,Bronze,32,24,47,1746000.0,35.4,,2022,2024-10-22,penjual lambat membalas pesan
CUST-0633,Jakarta,COD,P,Tidak,Tidak,,Silver,34,29,26,2899000.0,53.0,3.8,2020,2025-04-28,produk bagus harga sesuai kualitas
CUST-1307,Bandung,E-Wallet,P,Tidak,Tidak,Tinggi,Bronze,34,10,29,847000.0,5.3,4.3,2024,2024-08-24,produk bagus harga sesuai kualitas
CUST-1249,Medan,E-Wallet,L,Tidak,Tidak,Sangat Tinggi,Silver,22,27,18,3340000.0,47.4,4.2,2021,2024-09-08,barang sesuai deskripsi pengiriman cepat
CUST-1465,Bandung,Transfer Bank,L,Tidak,Tidak,Sedang,Silver,49,32,34,5891000.0,57.2,4.0,2020,2024-11-17,barang sesuai tapi pengiriman agak lama
CUST-1255,Jakarta,COD,P,Tidak,Ya,Sangat Tinggi,Silver,43,14,36,6983000.0,32.7,4.6,2022,2025-01-09,barang sesuai deskripsi pengiriman cepat
CUST-1387,Bandung,Transfer Bank,L,Tidak,Tidak,Tinggi,Silver,53,12,12,2200000.0,33.4,4.5,2022,2025-02-19,penjual responsif pelayanan memuaskan
CUST-0796,Surabaya,Transfer Bank,P,Tidak,Ya,,Bronze,45,18,25,994000.0,33.8,5.0,2022,2024-07-07,sangat puas belanja lagi di sini
CUST-0646,Medan,COD,P,Tidak,Tidak,Sangat Tinggi,Bronze,17,1,19,123000.0,6.9,4.8,2024,2025-05-30,kualitas produk bagus penjual ramah
CUST-1013,Surabaya,Transfer Bank,P,Tidak,Ya,Tinggi,Bronze,29,2,20,214000.0,1.3,4.1,2024,2024-05-28,penjual responsif pelayanan memuaskan
CUST-0557,Jakarta,COD,P,Tidak,Ya,Sangat Tinggi,Silver,21,27,12,3318000.0,51.4,4.3,2020,2024-10-18,kualitas produk bagus penjual ramah
CUST-0682,Jakarta,COD,L,Tidak,Ya,Tinggi,Silver,53,41,18,4876000.0,53.4,4.5,2020,2025-03-29,pengiriman cepat barang aman sampai
CUST-0578,Bandung,Transfer Bank,L,Tidak,Tidak,Sangat Tinggi,Bronze,37,23,14,1022000.0,45.7,4.6,2021,2024-06-01,barang sesuai deskripsi pengiriman cepat
CUST-1110,Jakarta,E-Wallet,P,Tidak,Tidak,Sedang,Bronze,38,5,16,1101000.0,9.7,4.0,2024,2025-03-28,cukup baik walau kemasan kurang rapi
CUST-1267,Jakarta,E-Wallet,L,Tidak,Ya,Sangat Tinggi,Bronze,40,13,21,1571000.0,19.9,4.8,2023,2024-07-03,kualitas produk bagus penjual ramah
CUST-1184,Jakarta,E-Wallet,P,Tidak,Ya,Tinggi,Silver,53,20,21,5063000.0,22.1,3.7,2023,2025-04-09,penjual responsif pelayanan memuaskan
CUST-0525,Jakarta,E-Wallet,P,Tidak,Tidak,Sedang,Bronze,27,10,41,1612000.0,21.2,3.6,2023,2025-02-21,kualitas produk standar harga wajar
CUST-1060,Bandung,Transfer Bank,P,Tidak,Ya,Sangat Tinggi,Silver,31,13,9,2122000.0,25.0,4.2,2022,2024-07-17,barang sesuai deskripsi pengiriman cepat
CUST-0541,Makassar,Transfer Bank,P,Tidak,Tidak,Tinggi,Bronze,43,25,26,1823000.0,53.6,4.5,2020,2025-02-07,produk bagus harga sesuai kualitas
CUST-1195,Medan,Kartu Kredit,L,Tidak,Ya,Tinggi,Silver,43,25,12,3748000.0,48.0,4.0,2021,2024-11-16,produk bagus harga sesuai kualitas
CUST-0749,Medan,E-Wallet,L,Tidak,Ya,Sangat Tinggi,Bronze,38,18,25,1773000.0,27.9,4.0,2022,2025-03-19,kualitas produk bagus penjual ramah
CUST-1390,Jakarta,Transfer Bank,P,Tidak,Tidak,Sedang,Bronze,41,4,22,1440000.0,14.2,4.4,2023,2024-08-10,kualitas produk standar harga wajar
CUST-0485,Jakarta,E-Wallet,P,Tidak,Tidak,Sedang,Silver,47,27,29,5051000.0,58.5,3.6,2020,2025-06-27,kualitas produk standar harga wajar
CUST-0096,Bandung,Kartu Kredit,L,Tidak,Tidak,Sedang,Silver,29,17,3,2706000.0,23.1,4.0,2023,2024-09-14,kualitas produk standar harga wajar
CUST-1021,Makassar,Transfer Bank,L,Tidak,Tidak,Sedang,Bronze,17,32,23,1373000.0,59.2,4.2,2020,2025-06-28,barang sesuai tapi pengiriman agak lama
CUST-0564,Bandung,Transfer Bank,L,Tidak,Ya,Sangat Tinggi,Gold,40,27,35,8321000.0,56.7,4.5,2020,2024-12-30,sangat puas belanja lagi di sini
CUST-1265,Bandung,Transfer Bank,P,Tidak,Tidak,Tinggi,Silver,35,28,26,3126000.0,34.2,4.3,2022,2024-10-11,produk bagus harga sesuai kualitas
CUST-0743,Medan,E-Wallet,P,Tidak,Ya,Sangat Tinggi,Bronze,43,9,25,818000.0,4.6,4.9,2024,2024-10-30,barang sesuai deskripsi pengiriman cepat
CUST-0864,Bandung,COD,L,Tidak,Tidak,Sangat Tinggi,Bronze,51,10,9,488000.0,20.2,4.5,2023,2024-10-09,kualitas produk bagus penjual ramah
CUST-0892,Makassar,Kartu Kredit,P,Tidak,Tidak,Rendah,Bronze,19,5,51,564000.0,20.0,3.1,2023,2025-04-12,penjual lambat membalas pesan
CUST-1039,Surabaya,Transfer Bank,L,Tidak,Ya,Sedang,Silver,47,22,31,3436000.0,53.3,4.1,2020,2025-04-23,barang sesuai tapi pengiriman agak lama
CUST-0207,Jakarta,Transfer Bank,L,Tidak,Ya,Sangat Tinggi,Silver,50,15,24,2265000.0,24.4,5.0,2022,2024-09-05,sangat puas belanja lagi di sini
CUST-0393,Bandung,E-Wallet,P,Tidak,Tidak,Sangat Tinggi,Bronze,28,4,22,779000.0,19.8,4.7,2023,2024-11-23,barang sesuai deskripsi pengiriman cepat
CUST-0795,Jakarta,Transfer Bank,P,Tidak,Ya,Sedang,Silver,49,17,26,2112000.0,38.3,4.2,2021,2024-09-07,barang sesuai tapi pengiriman agak lama
CUST-0871,Bandung,E-Wallet,L,Tidak,Ya,Tinggi,Bronze,34,16,3,649000.0,41.2,4.3,2021,2024-09-02,penjual responsif pelayanan memuaskan
CUST-0398,Jakarta,Transfer Bank,L,Tidak,Ya,Sangat Tinggi,Silver,46,14,11,3070000.0,10.2,4.3,2024,2024-12-27,barang sesuai deskripsi pengiriman cepat
CUST-0767,Jakarta,Kartu Kredit,P,Tidak,Tidak,Sangat Tinggi,Bronze,43,22,39,1656000.0,50.1,3.5,2020,2024-12-29,barang sesuai deskripsi pengiriman cepat
CUST-1380,Surabaya,Transfer Bank,L,Tidak,Tidak,Sangat Tinggi,Bronze,27,16,15,1202000.0,21.7,5.0,2023,2024-09-09,barang sesuai deskripsi pengiriman cepat
CUST-1242,jakarta ,Kartu Kredit,P,Tidak,Tidak,Tinggi,Bronze,48,8,27,691000.0,18.1,4.2,2023,2025-04-26,penjual responsif pelayanan memuaskan
CUST-1029,Bandung,Kartu Kredit,P,Tidak,Ya,Tinggi,Silver,36,17,3,2371000.0,37.1,3.7,2021,2024-07-27,pengiriman cepat barang aman sampai
CUST-0643,Jakarta,Kartu Kredit,P,Tidak,Tidak,Sangat Tinggi,Bronze,36,9,32,1705000.0,13.2,3.9,2023,2024-09-30,sangat puas belanja lagi di sini
CUST-0613,Makassar,Transfer Bank,P,Tidak,Ya,Tinggi,Bronze,30,13,28,1200000.0,31.1,4.2,2022,2024-08-29,produk bagus harga sesuai kualitas
CUST-0961,Surabaya,Kartu Kredit,L,Tidak,Tidak,Sangat Tinggi,Bronze,51,10,33,1309000.0,22.1,4.6,2023,2024-09-11,sangat puas belanja lagi di sini
CUST-0726,Jakarta,Transfer Bank,P,Tidak,Tidak,Tinggi,Bronze,23,11,29,985000.0,24.0,4.2,2023,2024-08-19,produk bagus harga sesuai kualitas
CUST-0684,Surabaya,Transfer Bank,P,Tidak,Tidak,Rendah,Silver,32,30,2,6195000.0,49.6,3.4,2020,2024-10-01,produk tidak sesuai deskripsi
CUST-0099,Jakarta,Kartu Kredit,L,Tidak,Tidak,Tinggi,Silver,48,26,19,4704000.0,38.7,4.1,2021,2024-09-13,penjual responsif pelayanan memuaskan
CUST-0805,Jakarta,E-Wallet,L,Ya,Ya,Sedang,Silver,38,33,19,5331000.0,53.2,4.6,2020,2025-06-03,barang sesuai tapi pengiriman agak lama
CUST-0407,Jakarta,E-Wallet,P,Tidak,Ya,,Silver,48,33,38,4418000.0,57.8,4.2,2020,2024-09-10,sangat puas belanja lagi di sini
CUST-0503,Makassar,COD,L,Tidak,Tidak,Sangat Tinggi,Bronze,23,14,22,948000.0,35.2,4.6,2022,2025-04-17,sangat puas belanja lagi di sini
CUST-1072,Bandung,E-Wallet,P,Ya,Tidak,Sedang,Bronze,48,9,16,681000.0,13.8,4.9,2023,2025-05-28,cukup baik walau kemasan kurang rapi
CUST-1057,Makassar,Transfer Bank,L,Tidak,Tidak,Tinggi,Silver,25,26,49,2738000.0,51.5,4.2,2020,2024-08-02,produk bagus harga sesuai kualitas
CUST-0930,Bandung,Kartu Kredit,P,Tidak,Tidak,Sedang,Bronze,30,33,20,1215000.0,58.5,4.4,2020,2025-01-06,kualitas produk standar harga wajar
CUST-0780,Medan,E-Wallet,P,Tidak,Tidak,Sangat Tinggi,Bronze,29,17,22,1334000.0,43.7,4.7,2021,2024-12-03,kualitas produk bagus penjual ramah
CUST-0201,Medan,COD,P,Tidak,Tidak,Sedang,Bronze,17,16,22,1408000.0,30.8,3.4,2022,2025-06-28,kualitas produk standar harga wajar
CUST-0135,Bandung,COD,P,Tidak,Ya,Sangat Tinggi,Silver,46,11,32,2149000.0,20.4,4.4,2023,2025-06-12,sangat puas belanja lagi di sini
CUST-1052,Jakarta,E-Wallet,P,Ya,Tidak,Sangat Rendah,Bronze,22,5,49,230000.0,14.1,3.0,2023,2025-01-28,barang rusak penjual tidak merespons
CUST-0041,Surabaya,Kartu Kredit,L,Ya,Tidak,Rendah,Bronze,33,10,24,526000.0,27.7,4.0,2022,2025-01-11,penjual lambat membalas pesan
CUST-1018,Medan,Transfer Bank,L,Tidak,Ya,Tinggi,Bronze,45,14,14,1073000.0,2.6,4.2,2024,2025-04-08,pengiriman cepat barang aman sampai
CUST-0231,Jakarta,COD,L,Tidak,Ya,Sangat Tinggi,Silver,24,39,23,4800000.0,54.6,4.5,2020,2024-12-14,sangat puas belanja lagi di sini
CUST-0379,Surabaya,E-Wallet,L,Tidak,Tidak,Tinggi,Bronze,52,14,34,1613000.0,18.2,4.2,2023,2025-05-25,pengiriman cepat barang aman sampai
CUST-0289,Surabaya,Kartu Kredit,L,Tidak,Ya,Sangat Tinggi,Bronze,31,11,26,,20.7,5.0,2023,2025-06-17,barang sesuai deskripsi pengiriman cepat
CUST-0419,Jakarta,E-Wallet,L,Tidak,Tidak,Sangat Tinggi,Bronze,61,24,12,970000.0,52.8,4.8,2020,2024-12-15,barang sesuai deskripsi pengiriman cepat
CUST-0392,Jakarta,Kartu Kredit,P,Tidak,Tidak,Sedang,Silver,17,31,21,2517000.0,37.9,4.1,2021,2024-06-08,kualitas produk standar harga wajar
CUST-0593,Jakarta,E-Wallet,P,Tidak,Tidak,,Bronze,36,7,27,403000.0,26.7,4.2,2022,2025-02-01,produk bagus harga sesuai kualitas
CUST-1163,Medan,E-Wallet,P,Tidak,Tidak,Sangat Tinggi,Silver,38,30,19,2036000.0,34.7,4.3,2022,2024-12-27,kualitas produk bagus penjual ramah
CUST-1087,Medan,E-Wallet,P,Tidak,Tidak,Tinggi,Silver,47,31,18,3493000.0,45.0,4.4,2021,2025-01-02,produk bagus harga sesuai kualitas
CUST-0648,Surabaya,COD,L,Tidak,Ya,Sangat Tinggi,Bronze,20,13,28,1597000.0,2.5,5.0,2024,2024-12-22,sangat puas belanja lagi di sini
CUST-1153,Jakarta,Kartu Kredit,L,Tidak,Tidak,Tinggi,Silver,17,27,31,3198000.0,60.0,5.0,2020,2024-11-23,penjual responsif pelayanan memuaskan
CUST-1368,Jakarta,E-Wallet,P,Tidak,Ya,Tinggi,Gold,21,34,15,8352000.0,47.2,4.4,2021,2025-04-26,pengiriman cepat barang aman sampai
CUST-0521,Medan,E-Wallet,P,Tidak,Tidak,Sedang,Bronze,32,25,6,846000.0,58.2,3.6,2020,2025-01-17,cukup baik walau kemasan kurang rapi
CUST-0065,Bandung,Kartu Kredit,L,Tidak,Tidak,Sangat Tinggi,Bronze,20,10,25,668000.0,20.6,,2023,2025-04-14,sangat puas belanja lagi di sini
CUST-0015,Surabaya,COD,L,Tidak,Tidak,Sedang,Bronze,33,11,35,1837000.0,8.1,3.7,2024,2024-08-24,cukup baik walau kemasan kurang rapi
CUST-1181,Bandung,Kartu Kredit,P,Tidak,Ya,Sangat Tinggi,Silver,46,8,38,2021000.0,16.3,4.6,2023,2024-09-21,sangat puas belanja lagi di sini
CUST-1065,Jakarta,E-Wallet,L,Tidak,Ya,Rendah,Silver,51,23,27,7189000.0,23.2,3.6,2023,2024-11-10,penjual lambat membalas pesan
CUST-0493,Bandung,E-Wallet,P,Tidak,Tidak,Tinggi,Silver,31,30,26,2857000.0,51.1,4.2,2020,2024-10-31,penjual responsif pelayanan memuaskan
CUST-0380,Bandung,E-Wallet,P,Tidak,Tidak,Sedang,Bronze,35,20,53,,28.3,3.6,2022,2024-11-16,kualitas produk standar harga wajar
CUST-0188,Jakarta,E-Wallet,P,Tidak,Tidak,Tinggi,Bronze,28,6,8,865000.0,16.5,4.0,2023,2024-10-20,penjual responsif pelayanan memuaskan
CUST-0764,Jakarta,Transfer Bank,L,Tidak,Tidak,Rendah,Silver,39,26,31,2896000.0,41.0,3.3,2021,2024-07-25,pengiriman lama kemasan rusak
CUST-0217,Jakarta,E-Wallet,L,Tidak,Ya,Sangat Tinggi,Silver,31,14,34,7176000.0,32.5,4.8,2022,2025-06-11,barang sesuai deskripsi pengiriman cepat
CUST-0792,Surabaya,Kartu Kredit,L,Tidak,Ya,Sangat Tinggi,Silver,42,15,28,3169000.0,20.3,5.0,2023,2025-05-09,kualitas produk bagus penjual ramah
CUST-1077,Surabaya,Kartu Kredit,P,Tidak,Ya,Sangat Tinggi,Bronze,20,4,21,,14.4,4.2,2023,2024-10-08,kualitas produk bagus penjual ramah
CUST-0879,Bandung,Transfer Bank,L,Tidak,Ya,Tinggi,Silver,48,19,7,7414000.0,41.0,3.9,2021,2024-12-03,pengiriman cepat barang aman sampai
CUST-0338,Bandung,E-Wallet,P,Ya,Tidak,Rendah,Bronze,31,11,22,629000.0,20.9,4.2,2023,2024-08-24,pengiriman lama kemasan rusak
CUST-0720,Makassar,E-Wallet,L,Tidak,Ya,Tinggi,Bronze,27,20,38,1684000.0,27.5,4.3,2022,2024-10-08,penjual responsif pelayanan memuaskan
CUST-0296,Makassar,Transfer Bank,P,Tidak,Ya,Tinggi,Silver,32,26,41,3253000.0,48.0,3.8,2021,2024-07-02,pengiriman cepat barang aman sampai
CUST-1017,Bandung,Transfer Bank,L,Tidak,Tidak,Sangat Tinggi,Silver,17,25,33,4124000.0,23.5,4.7,2023,2025-03-25,barang sesuai deskripsi pengiriman cepat
CUST-1276,Jakarta,E-Wallet,L,Ya,Tidak,Tinggi,Bronze,48,21,31,1418000.0,45.7,5.0,2021,2025-05-20,penjual responsif pelayanan memuaskan
CUST-0456,Jakarta,COD,P,Tidak,Ya,Sangat Tinggi,Silver,42,32,21,4190000.0,45.1,5.0,2021,2024-07-21,barang sesuai deskripsi pengiriman cepat
CUST-1500,Bandung,Transfer Bank,P,Tidak,Tidak,Sangat Tinggi,Bronze,37,11,26,656000.0,2.4,4.8,2024,2024-10-11,sangat puas belanja lagi di sini
CUST-0816,Makassar,Transfer Bank,L,Tidak,Tidak,Tinggi,Bronze,17,2,32,277000.0,12.3,4.1,2023,2024-10-03,produk bagus harga sesuai kualitas
CUST-0270,Jakarta,Kartu Kredit,L,Tidak,Tidak,Sedang,Bronze,49,8,18,878000.0,2.7,3.5,2024,2024-08-07,kualitas produk standar harga wajar
CUST-0996,Surabaya,E-Wallet,L,Tidak,Ya,Sangat Tinggi,Bronze,40,21,20,1662000.0,50.5,4.4,2020,2024-09-17,barang sesuai deskripsi pengiriman cepat
CUST-0202,Makassar,COD,P,Tidak,Tidak,Sangat Tinggi,Bronze,36,21,29,1559000.0,30.4,4.7,2022,2024-07-29,sangat puas belanja lagi di sini
CUST-0162,Makassar,E-Wallet,P,Tidak,Tidak,Sedang,Bronze,20,13,22,1245000.0,34.1,,2022,2024-09-26,barang sesuai tapi pengiriman agak lama
CUST-0730,Surabaya,E-Wallet,P,Tidak,Tidak,Rendah,Bronze,29,16,46,1348000.0,35.1,3.2,2022,2024-05-30,pengiriman lama kemasan rusak
CUST-0402,Makassar,Transfer Bank,P,Tidak,Tidak,Sangat Tinggi,Bronze,41,14,18,593000.0,13.3,4.6,2023,2025-04-12,barang sesuai deskripsi pengiriman cepat
CUST-0703,Jakarta,COD,P,Tidak,Ya,Sedang,Silver,33,39,31,5622000.0,58.8,4.3,2020,2025-06-12,barang sesuai tapi pengiriman agak lama
CUST-1130,Makassar,Transfer Bank,P,Tidak,Tidak,Sangat Tinggi,Bronze,21,14,15,1517000.0,19.0,4.6,2023,2025-04-20,kualitas produk bagus penjual ramah
CUST-0566,Bandung,COD,P,Tidak,Ya,Sangat Tinggi,Silver,30,20,21,3344000.0,41.7,5.0,2021,2025-01-02,barang sesuai deskripsi pengiriman cepat
CUST-1414,Makassar,E-Wallet,L,Tidak,Tidak,Tinggi,Bronze,20,22,7,830000.0,36.1,3.8,2021,2024-10-29,pengiriman cepat barang aman sampai
CUST-1022,Bandung,E-Wallet,L,Tidak,Ya,Sangat Tinggi,Silver,24,39,17,2824000.0,58.8,4.5,2020,2024-09-15,kualitas produk bagus penjual ramah
CUST-1026,Jakarta,Transfer Bank,P,Tidak,Ya,Tinggi,Silver,25,24,9,2877000.0,31.8,4.4,2022,2025-06-25,penjual responsif pelayanan memuaskan
CUST-1412,Makassar,Transfer Bank,L,Tidak,Tidak,Rendah,Silver,32,32,1,3012000.0,44.5,3.5,2021,2025-04-09,penjual lambat membalas pesan
CUST-1105,Jakarta,Transfer Bank,P,Tidak,Ya,Tinggi,Silver,52,12,13,4498000.0,17.0,3.8,2023,2025-06-06,produk bagus harga sesuai kualitas
CUST-0206,Jakarta,COD,L,Tidak,Tidak,Sangat Tinggi,Bronze,37,8,27,1368000.0,41.0,4.4,2021,2024-06-27,kualitas produk bagus penjual ramah
CUST-0035,Surabaya,Transfer Bank,P,Tidak,Ya,Rendah,Gold,37,36,14,9259000.0,59.7,3.2,2020,2024-08-27,penjual lambat membalas pesan
CUST-0776,Medan,Transfer Bank,P,Tidak,Tidak,Sangat Tinggi,Bronze,30,20,20,1364000.0,23.7,5.0,2023,2024-09-09,kualitas produk bagus penjual ramah
CUST-0509,Surabaya,Transfer Bank,P,Tidak,Ya,Sangat Tinggi,Silver,43,28,32,2417000.0,35.7,5.0,2022,2025-05-27,barang sesuai deskripsi pengiriman cepat
CUST-1479,Surabaya,Kartu Kredit,P,Tidak,Ya,Tinggi,Bronze,30,16,38,1587000.0,26.0,4.0,2022,2024-09-10,pengiriman cepat barang aman sampai
CUST-1391,Makassar,Transfer Bank,L,Tidak,Tidak,Sedang,Bronze,18,6,37,358000.0,16.4,3.3,2023,2024-08-20,kualitas produk standar harga wajar
CUST-0092,Bandung,Transfer Bank,P,Tidak,Tidak,,Bronze,49,1,20,180000.0,7.9,4.1,2024,2025-06-25,cukup baik walau kemasan kurang rapi
CUST-1364,Jakarta,Transfer Bank,P,Tidak,Tidak,Sedang,Silver,26,20,20,3434000.0,49.6,4.2,2020,2024-12-01,barang sesuai tapi pengiriman agak lama
CUST-0898,Jakarta,Transfer Bank,L,Tidak,Tidak,Rendah,Bronze,59,4,21,277000.0,1.8,3.8,2024,2025-05-02,pengiriman lama kemasan rusak
CUST-0565,Bandung,E-Wallet,P,Tidak,Ya,Tinggi,Silver,22,19,21,2261000.0,26.9,5.0,2022,2024-11-15,penjual responsif pelayanan memuaskan
CUST-1370,Surabaya,Transfer Bank,L,Tidak,Ya,Tinggi,Silver,17,43,24,2569000.0,55.6,4.6,2020,2025-06-08,penjual responsif pelayanan memuaskan
CUST-0777,Bandung,E-Wallet,P,Tidak,Tidak,,Silver,31,36,35,,24.3,3.2,2022,2025-02-28,barang sesuai tapi pengiriman agak lama
CUST-0242,Medan,Transfer Bank,P,Tidak,Tidak,Sangat Tinggi,Bronze,45,5,36,1463000.0,11.5,4.2,2024,2025-05-31,kualitas produk bagus penjual ramah
CUST-0014,Medan,Kartu Kredit,P,Tidak,Tidak,Tinggi,Bronze,27,15,28,553000.0,37.9,4.3,2021,2024-08-16,produk bagus harga sesuai kualitas
CUST-0316,Jakarta,E-Wallet,L,Ya,Tidak,Sedang,Silver,40,23,21,3300000.0,30.8,4.1,2022,2024-10-25,cukup baik walau kemasan kurang rapi
CUST-0601,Surabaya,Kartu Kredit,L,Tidak,Tidak,Rendah,Bronze,22,1,2,66000.0,2.0,3.1,2024,2024-11-20,penjual lambat membalas pesan
CUST-0388,Makassar,Transfer Bank,P,Tidak,Ya,Tinggi,Bronze,24,1,47,78000.0,8.6,4.0,2024,2024-12-08,produk bagus harga sesuai kualitas
CUST-1298,Jakarta,E-Wallet,P,Tidak,Tidak,Sedang,Bronze,55,1,42,126000.0,5.7,3.2,2024,2024-07-13,barang sesuai tapi pengiriman agak lama
CUST-0167,Medan,Kartu Kredit,L,Tidak,Ya,Tinggi,Silver,38,19,44,2076000.0,36.5,3.9,2021,2025-04-25,produk bagus harga sesuai kualitas
CUST-0841,Jakarta,Transfer Bank,P,Tidak,Tidak,Sangat Tinggi,Bronze,36,18,21,680000.0,42.4,5.0,2021,2024-06-27,kualitas produk bagus penjual ramah
CUST-0021,Bandung,Transfer Bank,L,Tidak,Ya,Tinggi,Bronze,29,40,23,1673000.0,58.8,3.5,2020,2024-12-07,penjual responsif pelayanan memuaskan
CUST-0647,Jakarta,Transfer Bank,L,Tidak,Tidak,Sangat Tinggi,Bronze,33,1,14,158000.0,5.2,4.5,2024,2024-06-04,barang sesuai deskripsi pengiriman cepat
CUST-1155,Surabaya,E-Wallet,P,Tidak,Ya,Sangat Tinggi,Silver,25,30,3,6079000.0,48.7,,2020,2024-09-30,kualitas produk bagus penjual ramah
CUST-0832,Surabaya,E-Wallet,P,Tidak,Tidak,Sangat Tinggi,Bronze,20,20,29,1128000.0,37.5,4.5,2021,2024-10-06,barang sesuai deskripsi pengiriman cepat
CUST-1268,Makassar,E-Wallet,P,Tidak,Ya,Tinggi,Silver,17,16,27,3976000.0,38.1,4.6,2021,2025-01-13,penjual responsif pelayanan memuaskan
CUST-0563,Medan,E-Wallet,P,Tidak,Tidak,Tinggi,Bronze,52,7,33,625000.0,8.0,4.4,2024,2024-12-15,penjual responsif pelayanan memuaskan
CUST-1464,JAKARTA,E-Wallet,P,Tidak,Tidak,Sangat Tinggi,Bronze,36,32,38,875000.0,54.5,4.3,2020,2024-10-18,kualitas produk bagus penjual ramah
CUST-0687,Surabaya,Kartu Kredit,L,Ya,Tidak,Tinggi,Silver,28,38,25,2874000.0,56.6,5.0,2020,2025-06-21,produk bagus harga sesuai kualitas
CUST-0958,Surabaya,Transfer Bank,P,Tidak,Tidak,Sangat Rendah,Silver,28,34,50,,33.5,2.3,2022,2025-03-14,barang rusak penjual tidak merespons
CUST-0190,Jakarta,E-Wallet,L,Tidak,Tidak,Tinggi,Silver,42,22,26,5763000.0,37.0,4.4,2021,2025-06-30,produk bagus harga sesuai kualitas
CUST-0976,Bandung,Transfer Bank,L,Tidak,Tidak,Sangat Tinggi,Bronze,56,1,18,132000.0,2.6,4.6,2024,2025-01-15,sangat puas belanja lagi di sini
CUST-0700,Jakarta,E-Wallet,L,Tidak,Ya,Sangat Tinggi,Bronze,52,14,21,1486000.0,33.8,4.6,2022,2024-12-16,sangat puas belanja lagi di sini
CUST-0511,Jakarta,Transfer Bank,P,Tidak,Tidak,Sangat Tinggi,Gold,29,26,13,8920000.0,47.4,4.8,2021,2024-06-02,sangat puas belanja lagi di sini
CUST-1083,Makassar,Transfer Bank,P,Tidak,Ya,Tinggi,Silver,30,29,19,2629000.0,47.9,4.5,2021,2024-10-22,pengiriman cepat barang aman sampai
CUST-0475,Jakarta,Transfer Bank,P,Tidak,Tidak,Sangat Rendah,Bronze,36,2,48,272000.0,7.8,2.7,2024,2025-02-24,barang rusak penjual tidak merespons
CUST-0857,Bandung,E-Wallet,P,Tidak,Tidak,Sangat Rendah,Bronze,29,4,58,163000.0,14.8,2.2,2023,2024-09-03,sangat kecewa produk tidak sesuai
CUST-0748,Surabaya,E-Wallet,P,Tidak,Ya,Sangat Tinggi,Silver,68,25,38,5762000.0,32.0,4.7,2022,2024-06-27,kualitas produk bagus penjual ramah
CUST-0253,Surabaya,COD,L,Tidak,Ya,Sangat Tinggi,Silver,54,16,17,4212000.0,26.3,4.4,2022,2025-01-02,sangat puas belanja lagi di sini
CUST-0022,Surabaya,E-Wallet,P,Tidak,Tidak,Rendah,Silver,27,39,3,4808000.0,53.7,2.9,2020,2024-10-23,penjual lambat membalas pesan
CUST-1338,Bandung,Transfer Bank,L,Tidak,Ya,Sangat Tinggi,Silver,30,17,14,2677000.0,29.8,4.2,2022,2025-04-18,kualitas produk bagus penjual ramah
CUST-0460,Bandung,E-Wallet,P,Tidak,Ya,Sangat Tinggi,Silver,37,23,13,2002000.0,43.1,3.9,2021,2024-12-14,barang sesuai deskripsi pengiriman cepat
CUST-1185,Jakarta,Transfer Bank,P,Tidak,Tidak,Sangat Tinggi,Bronze,35,7,31,863000.0,5.0,5.0,2024,2025-02-19,barang sesuai deskripsi pengiriman cepat
CUST-0277,Jakarta,Kartu Kredit,P,Tidak,Ya,Sangat Tinggi,Silver,40,14,25,2112000.0,13.4,4.5,2023,2024-10-18,sangat puas belanja lagi di sini
CUST-0956,Medan,E-Wallet,P,Tidak,Tidak,Sangat Tinggi,Silver,42,19,39,3474000.0,29.2,4.5,2022,2024-09-17,barang sesuai deskripsi pengiriman cepat
CUST-1216,Surabaya,Transfer Bank,L,Tidak,Tidak,Sangat Tinggi,Bronze,39,6,35,820000.0,5.0,4.7,2024,2024-05-27,barang sesuai deskripsi pengiriman cepat
CUST-0386,Makassar,E-Wallet,P,Tidak,Ya,Tinggi,Silver,28,26,24,2777000.0,52.8,,2020,2024-12-10,penjual responsif pelayanan memuaskan
CUST-0806,Jakarta,E-Wallet,L,Tidak,Ya,Tinggi,Silver,25,27,32,,46.6,3.7,2021,2024-11-19,pengiriman cepat barang aman sampai
CUST-1438,Surabaya,Transfer Bank,L,Tidak,Ya,Tinggi,Silver,37,23,15,7283000.0,22.1,4.1,2023,2024-08-19,penjual responsif pelayanan memuaskan
CUST-0344,Bandung,COD,L,Tidak,Tidak,Tinggi,Bronze,41,15,9,1103000.0,27.7,3.9,2022,2024-05-29,produk bagus harga sesuai kualitas
CUST-0770,Bandung,Kartu Kredit,P,Tidak,Tidak,Sangat Tinggi,Bronze,38,12,30,1704000.0,24.1,4.4,2022,2025-05-15,kualitas produk bagus penjual ramah
CUST-1333,Surabaya,E-Wallet,L,Tidak,Ya,Sangat Rendah,Silver,22,15,53,7252000.0,22.3,2.4,2023,2024-09-29,barang rusak penjual tidak merespons
CUST-0131,Jakarta,E-Wallet,L,Tidak,Ya,Sangat Tinggi,Silver,43,16,24,5719000.0,18.0,5.0,2023,2025-02-10,kualitas produk bagus penjual ramah
CUST-0872,Jakarta,E-Wallet,L,Tidak,Ya,Sangat Tinggi,Silver,41,29,34,4724000.0,34.5,4.7,2022,2024-06-28,sangat puas belanja lagi di sini
CUST-1124,Jakarta,COD,L,Tidak,Ya,Sangat Tinggi,Silver,44,34,35,4156000.0,52.2,4.3,2020,2024-06-09,barang sesuai deskripsi pengiriman cepat
CUST-1397,Surabaya,COD,L,Tidak,Tidak,Sedang,Bronze,19,10,18,466000.0,24.0,4.1,2023,2024-09-16,kualitas produk standar harga wajar
CUST-0088,Surabaya,E-Wallet,L,Tidak,Tidak,Sangat Rendah,Bronze,32,1,54,52000.0,15.2,2.7,2023,2024-09-27,barang rusak penjual tidak merespons
CUST-1483,Bandung,Transfer Bank,P,Tidak,Tidak,Sedang,Bronze,35,25,1,1388000.0,33.5,3.4,2022,2024-06-22,barang sesuai tapi pengiriman agak lama
CUST-0331,Bandung,E-Wallet,P,Tidak,Ya,Sedang,Silver,50,21,38,3021000.0,26.8,3.7,2022,2024-08-06,kualitas produk standar harga wajar
CUST-1239,Jakarta,Kartu Kredit,P,Tidak,Ya,Sangat Tinggi,Silver,40,21,20,2847000.0,29.4,4.6,2022,2025-02-26,sangat puas belanja lagi di sini
CUST-0467,Bandung,Kartu Kredit,P,Tidak,Tidak,Sangat Tinggi,Bronze,41,8,28,395000.0,15.7,4.1,2023,2024-11-27,kualitas produk bagus penjual ramah
CUST-0122,Bandung,E-Wallet,L,Tidak,Ya,Tinggi,Bronze,26,18,18,757000.0,22.5,4.6,2023,2025-01-28,penjual responsif pelayanan memuaskan
CUST-1045,Jakarta,E-Wallet,P,Tidak,Ya,Sangat Tinggi,Silver,17,32,23,4910000.0,57.8,5.0,2020,2024-06-28,kualitas produk bagus penjual ramah
CUST-1096,Surabaya,COD,L,Tidak,Ya,Sangat Tinggi,Bronze,17,13,11,1203000.0,16.5,5.0,2023,2025-06-27,kualitas produk bagus penjual ramah
CUST-1131,Sorong,Transfer Bank,P,Tidak,Tidak,Sangat Rendah,Bronze,45,19,1,1573000.0,27.6,3.0,2022,2024-12-07,sangat kecewa produk tidak sesuai
CUST-1295,Surabaya,Kartu Kredit,P,Tidak,Ya,Sedang,Silver,42,16,33,2556000.0,39.1,4.1,2021,2024-12-15,cukup baik walau kemasan kurang rapi
CUST-0861,Bandung,Kartu Kredit,L,Tidak,Tidak,Tinggi,Bronze,27,1,16,76000.0,13.8,4.4,2023,2024-12-25,penjual responsif pelayanan memuaskan
CUST-1460,Surabaya,COD,P,Tidak,Tidak,Sedang,Bronze,26,12,39,1178000.0,39.5,3.8,2021,2024-12-08,cukup baik walau kemasan kurang rapi
CUST-1127,Surabaya,E-Wallet,P,Tidak,Tidak,Sangat Tinggi,Bronze,17,18,21,1321000.0,19.7,5.0,2023,2025-03-20,sangat puas belanja lagi di sini
